25.02,50.04,-130.92,0.01,0.01,1.00
25.02,52.42,-128.62,0.00,0.01,1.00
22.64,50.04,-129.77,0.01,0.01,1.00
23.83,51.23,-129.77,0.00,0.01,1.00
26.21,48.85,-127.48,-0.00,0.01,1.00
23.83,48.85,-129.77,0.00,0.01,1.00
26.21,51.23,-129.77,0.01,0.01,1.00
29.79,48.85,-128.62,-0.00,0.01,1.00
27.40,47.66,-128.62,-0.00,0.00,1.00
29.79,47.66,-129.77,-0.00,0.01,1.00
29.79,51.23,-129.77,-0.01,0.01,1.00
27.40,47.66,-130.92,-0.00,0.00,1.00
28.59,50.04,-129.77,-0.01,0.01,1.00
30.98,48.85,-129.77,-0.00,0.01,1.00
28.59,46.46,-129.77,-0.00,0.00,1.00
29.79,52.42,-129.77,-0.00,0.01,1.00
28.59,47.66,-129.77,-0.00,0.01,1.00
27.40,50.04,-127.48,0.00,0.01,1.00
28.59,52.42,-129.77,0.00,0.01,1.00
28.59,48.85,-130.92,-0.00,0.01,1.00
25.02,50.04,-129.77,-0.00,0.00,1.00
29.79,47.66,-130.92,0.00,0.01,1.00
27.40,47.66,-128.62,-0.00,0.00,1.00
28.59,48.85,-128.62,-0.00,0.01,1.00
29.79,46.46,-128.62,-0.00,0.01,1.00
27.40,50.04,-129.77,-0.00,0.01,1.00
28.59,48.85,-129.77,-0.00,0.01,1.00
28.59,47.66,-130.92,-0.00,0.01,1.00
27.40,50.04,-129.77,-0.00,0.01,1.00
27.40,51.23,-129.77,-0.00,0.01,1.00
29.79,47.66,-128.62,0.00,0.00,1.00
28.59,47.66,-128.62,-0.00,0.01,1.00
28.59,50.04,-130.92,-0.01,0.01,1.00
28.59,51.23,-128.62,-0.00,0.01,1.00
28.59,47.66,-128.62,-0.00,0.01,1.00
27.40,46.46,-128.62,-0.00,0.01,1.00
27.40,48.85,-129.77,0.00,0.01,1.00
28.59,46.46,-127.48,-0.00,0.01,1.00
27.40,48.85,-130.92,-0.00,0.01,1.00
27.40,50.04,-130.92,-0.00,0.00,1.00
28.59,48.85,-128.62,-0.00,0.01,1.00
27.40,50.04,-127.48,-0.00,0.01,1.00
29.79,48.85,-129.77,-0.00,0.00,1.00
27.40,50.04,-129.77,-0.00,0.01,1.00
26.21,48.85,-129.77,-0.01,0.01,1.00
28.59,50.04,-128.62,0.03,0.01,1.00
26.21,47.66,-129.77,0.11,-0.08,0.99
33.36,51.23,-124.03,0.23,0.12,0.96
48.85,46.46,-124.03,0.02,0.40,0.91
54.80,45.27,-118.29,0.06,0.56,0.82
60.76,44.08,-113.70,0.07,0.59,0.80
67.91,27.40,-111.40,-0.44,0.77,0.46
61.95,4.77,-112.55,-0.92,0.38,0.07
42.89,-13.11,-118.29,-0.96,-0.01,0.27
19.06,-8.34,-128.62,-0.75,-0.26,0.60
-1.19,11.91,-130.92,-0.50,-0.50,0.71
-10.72,38.13,-126.33,-0.02,-0.69,0.72
-14.30,53.61,-112.55,0.28,-0.71,0.65
-10.72,58.38,-106.80,0.30,-0.77,0.56
-13.11,58.38,-110.25,0.30,-0.76,0.57
-25.02,40.51,-110.25,-0.29,-0.80,0.53
-25.02,15.49,-112.55,-0.62,-0.67,0.41
-17.87,-1.19,-117.14,-0.83,-0.37,0.41
5.96,-13.11,-124.03,-0.97,-0.16,0.17
22.64,-8.34,-125.18,-0.68,-0.23,0.69
27.40,1.19,-132.07,-0.70,-0.03,0.71
32.17,23.83,-132.07,-0.11,0.12,0.99
35.74,47.66,-124.03,0.38,0.22,0.90
38.13,64.34,-111.40,0.63,0.23,0.74
36.93,72.68,-99.91,0.71,0.10,0.70
33.36,72.68,-101.06,0.68,0.05,0.73
47.66,54.80,-118.29,0.16,0.32,0.93
56.00,36.93,-124.03,-0.35,0.38,0.85
56.00,15.49,-125.18,-0.60,0.36,0.71
54.80,-3.57,-120.59,-0.73,0.44,0.51
47.66,-8.34,-124.03,-0.82,0.08,0.57
27.40,8.34,-136.66,-0.55,-0.27,0.79
8.34,41.70,-132.07,-0.04,-0.39,0.92
3.57,63.14,-119.44,0.43,-0.60,0.68
-1.19,69.10,-104.51,0.54,-0.65,0.52
-5.96,72.68,-98.77,0.62,-0.61,0.48
4.77,75.06,-97.62,0.50,-0.40,0.76
16.68,76.25,-103.36,0.44,-0.08,0.89
32.17,69.10,-110.25,0.29,0.15,0.95
48.85,57.19,-114.84,0.28,0.31,0.91
59.57,51.23,-107.95,0.21,0.58,0.78
65.53,48.85,-104.51,0.10,0.70,0.70
69.10,41.70,-104.51,-0.02,0.67,0.74
73.87,25.02,-105.66,-0.45,0.70,0.56
72.68,2.38,-99.91,-0.64,0.71,0.28
71.48,-9.53,-97.62,-0.80,0.56,0.22
63.14,-14.30,-102.21,-0.89,0.40,0.21
50.04,-15.49,-117.14,-0.90,0.21,0.38
34.55,-2.38,-127.48,-0.83,-0.03,0.56
17.87,13.11,-136.66,-0.37,-0.36,0.86
7.15,34.55,-133.22,-0.14,-0.49,0.86
1.19,48.85,-127.48,0.14,-0.56,0.82
-3.57,57.19,-120.59,0.20,-0.57,0.79
-3.57,53.61,-118.29,0.18,-0.60,0.78
0.00,51.23,-126.33,0.12,-0.56,0.82
5.96,33.36,-133.22,-0.22,-0.32,0.92
20.25,13.11,-134.37,-0.59,-0.19,0.78
38.13,8.34,-133.22,-0.69,0.09,0.72
40.51,14.30,-132.07,-0.34,0.08,0.93
40.51,35.74,-129.77,-0.02,0.05,1.00
36.93,50.04,-125.18,0.25,-0.04,0.97
26.21,60.76,-121.73,0.41,-0.16,0.90
15.49,66.72,-114.84,0.46,-0.34,0.82
3.57,67.91,-113.70,0.47,-0.50,0.72
-5.96,61.95,-112.55,0.35,-0.61,0.71
-17.87,58.38,-107.95,0.15,-0.79,0.60
-26.21,58.38,-99.91,0.28,-0.95,0.12
-23.83,54.80,-99.91,0.25,-0.97,-0.02
-19.06,47.66,-114.84,0.20,-0.82,0.54
5.96,29.79,-132.07,0.04,-0.57,0.82
26.21,7.15,-135.52,-0.43,-0.08,0.90
40.51,-11.91,-122.88,-0.82,0.04,0.56
52.42,-11.91,-118.29,-0.83,0.28,0.48
59.57,7.15,-119.44,-0.72,0.45,0.52
61.95,38.13,-115.99,0.10,0.45,0.89
50.04,60.76,-106.80,0.49,0.35,0.80
33.36,72.68,-102.21,0.68,0.09,0.73
22.64,77.44,-101.06,0.68,-0.09,0.72
17.87,77.44,-102.21,0.64,-0.19,0.74
25.02,71.48,-107.95,0.59,-0.10,0.80
34.55,65.53,-117.14,0.38,0.15,0.92
40.51,57.19,-119.44,0.27,0.19,0.94
46.46,53.61,-121.73,0.22,0.16,0.96
42.89,51.23,-124.03,0.16,0.17,0.97
42.89,52.42,-125.18,0.14,0.18,0.97
41.70,51.23,-121.73,0.15,0.17,0.97
41.70,51.23,-121.73,0.12,0.14,0.98
41.70,51.23,-121.73,0.13,0.14,0.98
40.51,46.46,-127.48,-0.22,0.20,0.95
50.04,28.59,-128.62,-0.52,0.20,0.83
48.85,14.30,-128.62,-0.65,0.24,0.72
51.23,7.15,-129.77,0.24,-0.05,0.97
45.27,36.93,-127.48,0.44,-0.01,0.90
32.17,61.95,-118.29,0.46,-0.16,0.87
26.21,66.72,-117.14,0.22,-0.14,0.96
29.79,54.80,-126.33,0.05,-0.13,0.99
32.17,46.46,-128.62,0.06,0.00,1.00
34.55,45.27,-132.07,-0.02,0.03,1.00
36.93,42.89,-128.62,0.02,-0.03,1.00
32.17,46.46,-128.62,0.10,-0.04,0.99
33.36,42.89,-129.77,0.05,-0.01,1.00
40.51,41.70,-132.07,-0.09,0.10,0.99
44.08,34.55,-130.92,-0.23,0.17,0.96
48.85,25.02,-128.62,-0.46,0.33,0.82
53.61,25.02,-127.48,-0.20,0.35,0.91
53.61,32.17,-125.18,-0.06,0.31,0.95
52.42,40.51,-124.03,-0.05,0.31,0.95
53.61,36.93,-124.03,-0.11,0.32,0.94
51.23,35.74,-122.88,-0.13,0.34,0.93
53.61,34.55,-126.33,-0.15,0.35,0.92
54.80,35.74,-126.33,-0.14,0.35,0.93
56.00,35.74,-125.18,-0.09,0.41,0.91
53.61,35.74,-125.18,-0.13,0.30,0.95
51.23,39.32,-126.33,-0.01,0.32,0.95
47.66,44.08,-125.18,0.18,0.21,0.96
47.66,51.23,-121.73,0.13,0.30,0.94
51.23,52.42,-118.29,-0.03,0.26,0.96
46.46,38.13,-128.62,-0.53,0.23,0.81
46.46,15.49,-129.77,-0.62,0.38,0.68
53.61,19.06,-126.33,-0.35,0.33,0.87
50.04,30.98,-125.18,0.21,0.10,0.97
42.89,51.23,-121.73,0.38,0.05,0.92
34.55,64.34,-115.99,0.50,-0.04,0.86
29.79,70.29,-111.40,0.64,-0.16,0.75
17.87,76.25,-97.62,0.67,-0.33,0.67
4.77,77.44,-97.62,0.55,-0.69,0.47
-4.77,71.48,-103.36,0.27,-0.79,0.55
-5.96,53.61,-119.44,-0.08,-0.57,0.81
2.38,42.89,-129.77,-0.25,-0.16,0.96
21.45,28.59,-137.81,-0.56,0.05,0.82
41.70,11.91,-132.07,-0.55,-0.01,0.83
51.23,17.87,-129.77,0.08,0.25,0.96
54.80,42.89,-124.03,0.45,0.22,0.86
45.27,60.76,-114.84,0.59,0.07,0.80
33.36,69.10,-104.51,0.65,-0.08,0.75
26.21,76.25,-101.06,0.65,-0.19,0.73
19.06,78.63,-101.06,0.65,-0.23,0.72
19.06,76.25,-99.91,0.64,-0.25,0.72
17.87,77.44,-104.51,0.59,-0.27,0.76
19.06,69.10,-113.70,0.43,-0.30,0.85
20.25,59.57,-121.73,0.01,-0.17,0.98
30.98,34.55,-134.37,-0.40,0.02,0.91
44.08,13.11,-128.62,-0.55,0.18,0.82
48.85,7.15,-127.48,-0.48,0.21,0.85
52.42,10.72,-126.33,-0.18,0.27,0.95
52.42,35.74,-127.48,0.39,0.08,0.92
39.32,66.72,-114.84,0.79,-0.18,0.59
28.59,76.25,-101.06,0.78,-0.07,0.62
30.98,75.06,-102.21,0.63,0.03,0.78
44.08,66.72,-112.55,0.39,0.11,0.91
48.85,50.04,-119.44,0.18,0.17,0.97
48.85,40.51,-127.48,-0.98,0.09,0.18
50.04,0.00,-124.03,-0.87,0.06,0.48
53.61,-7.15,-121.73,-0.78,0.23,0.58
56.00,1.19,-120.59,-0.15,0.20,0.97
56.00,36.93,-125.18,0.52,0.18,0.83
41.70,70.29,-103.36,0.80,-0.08,0.60
28.59,78.63,-94.17,0.78,-0.29,0.56
14.30,78.63,-95.32,0.55,-0.40,0.73
9.53,67.91,-113.70,0.34,-0.40,0.85
15.49,53.61,-126.33,-0.17,-0.28,0.94
28.59,21.45,-133.22,-0.73,-0.00,0.68
45.27,-4.77,-125.18,-0.82,0.19,0.54
52.42,-4.77,-121.73,-0.24,0.32,0.92
58.38,13.11,-125.18,-0.05,0.44,0.90
60.76,44.08,-115.99,0.50,0.28,0.82
46.46,66.72,-107.95,0.72,0.02,0.69
28.59,77.44,-97.62,0.76,-0.20,0.61
22.64,77.44,-96.47,0.66,-0.19,0.72
20.25,78.63,-102.21,0.49,-0.04,0.87
39.32,56.00,-122.88,0.01,0.10,0.99
47.66,34.55,-127.48,-0.26,0.18,0.95
51.23,17.87,-128.62,-0.32,0.23,0.92
50.04,13.11,-128.62,-0.66,0.14,0.74
50.04,-9.53,-120.59,-0.86,0.18,0.47
52.42,-16.68,-111.40,-0.97,0.14,0.19
51.23,-23.83,-103.36,-0.93,0.05,0.36
51.23,-5.96,-121.73,-0.15,-0.11,0.98
60.76,33.36,-121.73,0.33,0.39,0.86
61.95,54.80,-99.91,0.50,0.57,0.65
50.04,69.10,-83.84,0.93,0.17,0.33
41.70,70.29,-89.58,0.84,-0.03,0.54
26.21,77.44,-96.47,0.62,-0.28,0.73
7.15,70.29,-110.25,0.20,-0.54,0.82
-10.72,48.85,-115.99,0.00,-0.93,0.36
-28.59,34.55,-103.36,-0.08,-0.99,-0.12
-38.13,36.93,-84.98,-0.15,-0.91,-0.40
-32.17,45.27,-73.50,0.08,-0.78,-0.62
-23.83,51.23,-65.46,0.15,-0.81,-0.56
-11.91,56.00,-57.42,0.45,-0.37,-0.81
9.53,60.76,-47.09,0.15,0.35,-0.92
35.74,57.19,-45.94,0.23,0.61,-0.76
53.61,58.38,-63.16,0.23,0.94,-0.24
61.95,53.61,-87.28,0.29,0.94,0.20
56.00,52.42,-109.10,0.15,0.86,0.48
41.70,42.89,-128.62,0.04,0.45,0.89
21.45,27.40,-132.07,0.06,0.14,0.99
2.38,10.72,-132.07,-0.13,-0.20,0.97
-10.72,5.96,-122.88,-0.18,-0.53,0.83
-22.64,1.19,-112.55,-0.18,-0.67,0.72
-25.02,-7.15,-101.06,0.07,-0.88,0.47
-26.21,-10.72,-94.17,0.18,-0.61,0.77
-25.02,-13.11,-94.17,-0.17,-0.96,0.21
-26.21,-9.53,-87.28,-0.01,-0.99,-0.15
-30.98,5.96,-72.35,0.36,-0.82,-0.44
-27.40,23.83,-55.13,0.67,-0.45,-0.59
-5.96,38.13,-42.49,0.52,0.20,-0.83
16.68,45.27,-40.20,0.72,0.47,-0.51
33.36,58.38,-48.23,0.68,0.67,-0.28
51.23,58.38,-63.16,0.59,0.78,0.22
53.61,65.53,-84.98,0.51,0.34,0.79
35.74,70.29,-106.80,0.58,-0.05,0.81
5.96,41.70,-128.62,0.54,-0.13,0.83
-3.57,-1.19,-122.88,-0.24,0.12,0.96
-8.34,-21.45,-106.80,-0.56,-0.61,0.56
-17.87,-21.45,-94.17,-0.23,-0.72,0.65
-15.49,-23.83,-86.13,-0.33,-0.82,0.46
-15.49,-22.64,-82.69,-0.39,-0.91,-0.10
-22.64,-17.87,-84.98,-0.27,-0.74,0.61
-23.83,-14.30,-75.80,-0.01,-0.98,0.19
-25.02,-7.15,-64.31,0.07,-0.81,-0.58
-22.64,7.15,-50.53,0.31,-0.71,-0.64
-15.49,15.49,-42.49,0.26,-0.69,-0.67
-5.96,16.68,-35.60,0.26,-0.41,-0.87
-7.15,14.30,-37.90,0.25,-0.41,-0.88
-3.57,14.30,-36.75,0.19,-0.39,-0.90
16.68,19.06,-32.16,0.46,0.07,-0.89
32.17,27.40,-32.16,0.44,0.28,-0.85
48.85,22.64,-39.05,0.45,0.57,-0.69
64.34,21.45,-52.83,0.31,0.86,-0.41
72.68,13.11,-67.76,0.39,0.87,-0.30
70.29,2.38,-79.24,0.14,0.95,-0.27
70.29,-8.34,-88.43,-0.10,0.94,-0.31
57.19,-9.53,-102.21,-0.52,0.79,0.32
45.27,-8.34,-114.84,-0.62,0.64,0.45
35.74,-7.15,-124.03,-0.57,0.05,0.82
17.87,-5.96,-128.62,-0.76,-0.17,0.63
-8.34,8.34,-125.18,-0.74,-0.54,0.39
-20.25,17.87,-115.99,-0.24,-0.89,0.38
-26.21,21.45,-105.66,-0.16,-0.94,0.30
-32.17,32.17,-89.58,0.03,-0.99,-0.14
-32.17,42.89,-75.80,-0.05,-0.93,-0.36
-23.83,46.46,-62.02,0.23,-0.97,-0.12
-14.30,51.23,-52.83,0.52,-0.06,-0.85
7.15,56.00,-45.94,0.67,0.35,-0.65
23.83,63.14,-53.98,0.60,0.66,-0.45
35.74,71.48,-62.02,0.75,0.66,-0.02
32.17,75.06,-84.98,0.92,0.31,0.25
14.30,76.25,-90.73,0.91,0.04,0.40
-13.11,64.34,-90.73,0.79,-0.38,0.48
-27.40,46.46,-82.69,0.59,-0.76,0.26
-35.74,25.02,-81.54,0.37,-0.92,0.08
-33.36,0.00,-83.84,-0.09,-0.98,-0.15
-23.83,-11.91,-94.17,-0.10,-0.70,0.70
-8.34,-11.91,-114.84,-0.14,-0.91,0.40
2.38,-1.19,-125.18,0.10,-0.51,0.85
9.53,13.11,-132.07,-0.27,-0.57,0.77
20.25,23.83,-134.37,0.26,-0.36,0.90
23.83,23.83,-135.52,-0.03,-0.32,0.95
29.79,35.74,-129.77,0.11,-0.09,0.99
45.27,44.08,-122.88,0.34,0.12,0.93
59.57,44.08,-111.40,0.22,0.60,0.77
66.72,41.70,-99.91,0.23,0.75,0.62
70.29,39.32,-86.13,0.12,0.98,0.18
72.68,35.74,-65.46,-0.03,0.90,-0.43
65.53,35.74,-52.83,-0.08,0.71,-0.70
52.42,36.93,-42.49,0.15,0.52,-0.84
46.46,35.74,-36.75,-0.14,0.05,-0.99
38.13,28.59,-34.45,-0.15,0.09,-0.98
36.93,30.98,-33.30,-0.01,0.16,-0.99
35.74,26.21,-33.30,-0.29,-0.02,-0.96
29.79,28.59,-33.30,0.03,-0.17,-0.98
19.06,33.36,-32.16,-0.23,-0.32,-0.92
11.91,35.74,-34.45,-0.18,-0.36,-0.91
-2.38,33.36,-37.90,0.00,-0.65,-0.76
-19.06,29.79,-48.23,0.03,-0.97,-0.26
-30.98,27.40,-64.31,0.00,-0.99,0.15
-36.93,25.02,-78.09,0.01,-0.88,0.47
-33.36,25.02,-94.17,-0.44,-0.82,0.36
-28.59,19.06,-105.66,-0.21,-0.62,0.75
-19.06,20.25,-119.44,-0.13,-0.38,0.91
-9.53,16.68,-126.33,0.12,-0.08,0.99
8.34,11.91,-132.07,-0.24,0.34,0.91
34.55,11.91,-132.07,-0.36,0.65,0.67
54.80,11.91,-121.73,-0.21,0.87,0.45
69.10,22.64,-110.25,-0.07,0.94,0.33
73.87,27.40,-95.32,0.05,1.00,0.02
70.29,41.70,-78.09,0.25,0.73,-0.63
61.95,53.61,-67.76,0.48,0.44,-0.76
46.46,56.00,-57.42,0.59,0.16,-0.79
26.21,61.95,-53.98,0.58,-0.45,-0.68
7.15,67.91,-57.42,0.56,-0.57,-0.60
-8.34,61.95,-68.91,0.28,-0.87,-0.42
-23.83,56.00,-80.39,0.46,-0.85,-0.24
-29.79,48.85,-88.43,0.44,-0.84,0.32
-30.98,39.32,-98.77,0.31,-0.73,0.61
-27.40,33.36,-104.51,0.31,-0.61,0.73
-27.40,33.36,-106.80,0.26,-0.52,0.81
-29.79,29.79,-107.95,0.27,-0.41,0.87
-25.02,32.17,-111.40,0.09,-0.45,0.89
-20.25,27.40,-115.99,0.02,-0.38,0.93
-4.77,27.40,-127.48,0.26,0.22,0.94
22.64,29.79,-132.07,0.25,0.23,0.94
41.70,21.45,-128.62,0.17,0.79,0.59
59.57,16.68,-117.14,0.07,0.95,0.31
72.68,15.49,-103.36,0.03,0.99,0.17
76.25,10.72,-87.28,0.07,0.95,-0.29
73.87,10.72,-70.05,-0.02,0.76,-0.64
64.34,10.72,-55.13,-0.00,0.53,-0.85
56.00,11.91,-44.79,-0.04,0.17,-0.98
33.36,11.91,-33.30,-0.00,-0.20,-0.98
14.30,3.57,-31.01,-0.17,-0.61,-0.77
-5.96,-2.38,-41.34,-0.27,-0.84,-0.46
-16.68,-5.96,-50.53,-0.42,-0.67,-0.61
-21.45,-8.34,-58.57,-0.25,-0.97,-0.03
-26.21,-9.53,-65.46,-0.34,-0.94,0.00
-30.98,-1.19,-73.50,-0.26,-0.78,0.56
-32.17,-2.38,-81.54,-0.33,-0.79,0.51
-28.59,-9.53,-88.43,-0.18,-0.85,0.50
-16.68,-14.30,-97.62,-0.54,-0.72,0.44
-14.30,-16.68,-104.51,-0.45,-0.52,0.73
-3.57,-17.87,-113.70,-0.44,-0.30,0.84
10.72,-20.25,-118.29,-0.57,-0.19,0.80
17.87,-17.87,-120.59,-0.18,0.13,0.97
27.40,-15.49,-124.03,-0.19,0.32,0.93
41.70,-11.91,-122.88,-0.10,0.59,0.80
51.23,-5.96,-118.29,0.12,0.74,0.66
57.19,-7.15,-114.84,-0.00,0.87,0.49
66.72,-4.77,-105.66,-0.06,0.92,0.40
70.29,-8.34,-88.43,-0.12,0.98,-0.13
67.91,-5.96,-70.05,-0.03,0.95,-0.30
67.91,-5.96,-70.05,0.18,0.97,-0.13
67.91,-5.96,-70.05,-0.30,0.62,-0.73
52.42,-7.15,-49.38,0.10,0.31,-0.94
41.70,-3.57,-40.20,-0.13,-0.07,-0.99
28.59,0.00,-35.60,0.11,-0.32,-0.94
14.30,-2.38,-34.45,0.09,-0.51,-0.86
1.19,-2.38,-39.05,-0.03,-0.68,-0.74
-10.72,-3.57,-44.79,-0.02,-0.80,-0.61
-19.06,-2.38,-50.53,-0.27,-0.95,-0.15
-25.02,-1.19,-57.42,-0.07,-0.96,-0.26
-27.40,-8.34,-70.05,0.01,-0.98,0.18
-30.98,-5.96,-86.13,-0.05,-0.91,0.41
-26.21,-7.15,-99.91,-0.15,-0.80,0.58
-17.87,-10.72,-110.25,-0.17,-0.63,0.76
-3.57,-17.87,-115.99,-0.30,-0.32,0.90
10.72,-17.87,-121.73,-0.36,-0.26,0.90
15.49,-17.87,-122.88,-0.26,-0.09,0.96
27.40,-15.49,-121.73,-0.27,0.40,0.87
40.51,-17.87,-122.88,-0.28,0.49,0.83
51.23,-17.87,-115.99,-0.29,0.59,0.76
59.57,-15.49,-104.51,-0.28,0.72,0.63
61.95,-16.68,-94.17,-0.13,0.95,0.28
71.48,-8.34,-86.13,-0.09,0.99,0.13
70.29,-5.96,-80.39,-0.56,0.79,0.24
71.48,-7.15,-74.65,-0.09,0.99,0.09
69.10,-3.57,-72.35,0.09,0.99,0.09
72.68,0.00,-73.50,-0.03,0.99,-0.16
71.48,7.15,-59.72,-0.08,0.97,-0.22
66.72,8.34,-57.42,0.38,0.92,0.11
65.53,11.91,-56.27,0.05,0.95,-0.32
58.38,13.11,-44.79,0.05,0.76,-0.65
46.46,17.87,-35.60,0.06,0.47,-0.88
22.64,17.87,-27.56,0.09,0.13,-0.99
3.57,19.06,-28.71,0.10,-0.39,-0.91
-19.06,19.06,-42.49,0.14,-0.64,-0.75
-32.17,13.11,-60.87,0.03,-0.89,-0.45
-34.55,8.34,-75.80,0.05,-0.98,-0.18
-34.55,5.96,-80.39,-0.00,-1.00,0.08
-27.40,7.15,-94.17,0.03,-0.95,0.32
-16.68,8.34,-117.14,0.15,-0.66,0.74
-5.96,8.34,-127.48,0.17,-0.65,0.74
3.57,10.72,-128.62,0.24,-0.61,0.75
10.72,13.11,-133.22,0.05,-0.42,0.91
17.87,16.68,-135.52,0.34,-0.17,0.92
22.64,14.30,-130.92,0.30,0.16,0.94
38.13,15.49,-130.92,0.20,0.08,0.98
42.89,17.87,-126.33,0.48,0.49,0.73
54.80,19.06,-120.59,0.45,0.64,0.63
66.72,17.87,-111.40,0.28,0.81,0.50
75.06,15.49,-98.77,0.51,0.77,0.38
75.06,17.87,-93.02,0.35,0.91,0.22
77.44,11.91,-90.73,0.31,0.95,0.01
76.25,7.15,-86.13,0.14,0.98,0.17
75.06,5.96,-79.24,-0.00,0.98,0.17
76.25,8.34,-74.65,0.13,0.94,0.33
75.06,11.91,-87.28,0.24,0.68,0.69
72.68,16.68,-105.66,0.29,0.46,0.84
56.00,20.25,-120.59,0.41,-0.01,0.91
34.55,21.45,-132.07,0.16,-0.30,0.94
13.11,15.49,-129.77,0.15,-0.67,0.73
-7.15,7.15,-126.33,0.16,-0.82,0.55
-17.87,0.00,-117.14,0.02,-0.87,0.49
-27.40,-3.57,-105.66,-0.05,-0.97,0.25
-30.98,2.38,-96.47,0.14,-0.94,0.32
-33.36,8.34,-91.87,0.34,-0.93,0.09
-38.13,20.25,-88.43,0.57,-0.82,0.07
-34.55,30.98,-84.98,0.70,-0.68,0.20
-30.98,40.51,-86.13,0.90,-0.42,0.15
-25.02,52.42,-84.98,0.96,-0.28,0.02
-15.49,64.34,-82.69,0.98,-0.16,-0.12
-4.77,69.10,-82.69,0.95,0.17,-0.28
4.77,72.68,-79.24,0.87,0.25,-0.42
19.06,73.87,-70.05,0.66,0.62,-0.42
36.93,71.48,-66.61,0.29,0.74,-0.60
52.42,59.57,-63.16,0.28,0.85,-0.44
63.14,45.27,-63.16,-0.11,0.89,-0.45
72.68,26.21,-63.16,-0.39,0.89,-0.23
71.48,13.11,-63.16,-0.70,0.71,-0.04
71.48,3.57,-67.76,-0.75,0.64,-0.19
69.10,-4.77,-68.91,-0.84,0.44,-0.32
61.95,-16.68,-70.05,-0.97,0.23,-0.01
52.42,-27.40,-71.20,-0.96,-0.12,-0.26
38.13,-34.55,-74.65,-0.94,-0.18,0.27
21.45,-38.13,-86.13,-0.92,-0.35,0.13
10.72,-36.93,-98.77,-0.57,-0.59,0.57
2.38,-30.98,-106.80,-0.48,-0.64,0.60
-7.15,-22.64,-105.66,-0.22,-0.78,0.59
-13.11,-15.49,-105.66,0.01,-0.82,0.57
-25.02,-5.96,-101.06,-0.18,-0.88,0.44
-32.17,5.96,-101.06,0.13,-0.83,0.54
-32.17,16.68,-105.66,0.42,-0.60,0.67
-28.59,22.64,-112.55,0.36,-0.57,0.74
-21.45,33.36,-117.14,0.56,-0.19,0.81
-10.72,34.55,-119.44,0.52,-0.17,0.84
-8.34,39.32,-124.03,0.31,-0.09,0.95
-1.19,41.70,-124.03,0.36,0.19,0.91
5.96,45.27,-125.18,0.48,0.15,0.86
13.11,42.89,-128.62,0.33,0.25,0.91
22.64,36.93,-130.92,-0.15,0.54,0.83
21.45,22.64,-133.22,-0.42,0.37,0.83
26.21,9.53,-132.07,-0.39,0.28,0.88
25.02,4.77,-130.92,-0.50,0.24,0.83
21.45,-4.77,-129.77,-0.65,-0.06,0.75
11.91,-5.96,-126.33,-0.74,-0.26,0.61
4.77,-14.30,-122.88,-0.92,-0.30,0.25
-2.38,-15.49,-120.59,-0.81,-0.50,0.32
-7.15,-9.53,-120.59,-0.63,-0.62,0.46
-13.11,-1.19,-118.29,-0.43,-0.79,0.43
-16.68,-3.57,-117.14,-0.49,-0.80,0.35
-20.25,8.34,-114.84,0.03,-0.93,0.35
-25.02,29.79,-114.84,0.14,-0.93,0.34
-15.49,50.04,-109.10,0.62,-0.75,0.22
0.00,64.34,-107.95,0.82,-0.54,0.16
8.34,66.72,-102.21,0.95,-0.30,0.03
15.49,70.29,-101.06,0.82,-0.54,0.19
27.40,67.91,-102.21,0.90,-0.34,0.26
27.40,64.34,-110.25,0.91,-0.24,0.35
30.98,61.95,-107.95,0.88,-0.13,0.45
39.32,63.14,-104.51,0.97,-0.05,0.24
41.70,63.14,-101.06,0.95,0.10,0.31
45.27,60.76,-103.36,0.90,0.02,0.42
51.23,53.61,-103.36,0.88,0.34,0.34
52.42,46.46,-106.80,0.80,0.38,0.46
54.80,35.74,-109.10,0.71,0.42,0.56
59.57,29.79,-110.25,0.62,0.47,0.62
57.19,30.98,-111.40,0.62,0.44,0.65
57.19,39.32,-112.55,0.64,0.40,0.66
56.00,45.27,-111.40,0.78,0.34,0.52
54.80,51.23,-106.80,0.93,0.18,0.31
48.85,56.00,-110.25,0.92,0.17,0.35
50.04,58.38,-110.25,0.86,0.17,0.48
54.80,52.42,-109.10,0.84,0.27,0.46
56.00,53.61,-105.66,0.83,0.30,0.46
59.57,48.85,-106.80,0.65,0.37,0.66
69.10,36.93,-105.66,0.55,0.67,0.49
72.68,27.40,-96.47,0.51,0.81,0.29
73.87,8.34,-90.73,0.29,0.93,0.23
71.48,-5.96,-89.58,-0.03,0.89,0.46
51.23,-26.21,-98.77,-0.49,0.73,0.48
30.98,-35.74,-102.21,-0.72,0.46,0.51
9.53,-33.36,-103.36,-0.86,0.10,0.49
-3.57,-27.40,-104.51,-0.82,-0.24,0.52
-16.68,-21.45,-104.51,-0.75,-0.38,0.54
-21.45,-11.91,-98.77,-0.72,-0.54,0.44
-26.21,-4.77,-98.77,-0.70,-0.65,0.29
-29.79,4.77,-99.91,-0.58,-0.74,0.33
-33.36,19.06,-98.77,-0.42,-0.88,0.24
-33.36,27.40,-94.17,-0.20,-0.87,0.45
-33.36,35.74,-96.47,0.07,-0.91,0.40
-30.98,41.70,-93.02,0.01,-0.94,0.34
-27.40,47.66,-90.73,0.01,-0.95,0.31
-26.21,51.23,-91.87,0.16,-0.94,0.29
-20.25,57.19,-86.13,0.32,-0.91,0.28
-17.87,61.95,-82.69,0.50,-0.84,0.19
-15.49,64.34,-81.54,0.49,-0.85,-0.20
-11.91,63.14,-79.24,0.52,-0.81,-0.28
-13.11,67.91,-74.65,0.67,-0.71,-0.21
-8.34,69.10,-78.09,0.87,-0.47,-0.15
4.77,73.87,-74.65,0.80,-0.42,-0.42
16.68,73.87,-67.76,0.73,-0.35,-0.58
26.21,70.29,-62.02,0.76,0.05,-0.64
40.51,67.91,-63.16,0.74,0.16,-0.65
52.42,60.76,-64.31,0.62,0.52,-0.58
67.91,45.27,-65.46,0.32,0.78,-0.54
75.06,26.21,-75.80,0.08,0.80,-0.59
77.44,11.91,-82.69,-0.25,0.91,-0.34
72.68,0.00,-86.13,-0.38,0.89,-0.24
64.34,-15.49,-89.58,-0.76,0.62,-0.20
56.00,-22.64,-93.02,-0.66,0.74,-0.12
46.46,-27.40,-90.73,-0.94,0.31,-0.09
39.32,-32.17,-94.17,-0.90,0.43,-0.01
21.45,-36.93,-94.17,-0.99,-0.03,-0.16
3.57,-33.36,-87.28,-0.87,-0.44,-0.22
-14.30,-25.02,-87.28,-0.71,-0.66,-0.23
-25.02,-19.06,-79.24,-0.53,-0.77,-0.36
-32.17,-11.91,-79.24,-0.49,-0.80,-0.35
-32.17,-2.38,-81.54,-0.34,-0.88,-0.33
-36.93,4.77,-76.95,-0.30,-0.90,-0.32
-38.13,13.11,-71.20,-0.04,-0.89,-0.45
-36.93,16.68,-71.20,-0.10,-0.88,-0.47
-34.55,28.59,-71.20,0.16,-0.75,-0.64
-28.59,40.51,-68.91,0.24,-0.85,-0.47
-23.83,53.61,-70.05,0.50,-0.61,-0.61
-10.72,63.14,-67.76,0.63,-0.51,-0.58
2.38,71.48,-71.20,0.70,-0.32,-0.64
19.06,75.06,-67.76,0.66,0.02,-0.75
32.17,72.68,-66.61,0.67,0.35,-0.66
42.89,64.34,-63.16,0.60,0.40,-0.70
56.00,59.57,-62.02,0.49,0.48,-0.73
61.95,46.46,-57.42,0.34,0.51,-0.79
67.91,35.74,-51.68,0.04,0.56,-0.82
61.95,27.40,-47.09,-0.09,0.58,-0.81
64.34,22.64,-47.09,-0.02,0.52,-0.85
64.34,16.68,-48.23,-0.17,0.43,-0.88
65.53,8.34,-49.38,-0.16,0.54,-0.83
61.95,-4.77,-53.98,-0.30,0.43,-0.85
53.61,-19.06,-55.13,-0.66,0.23,-0.71
36.93,-33.36,-59.72,-0.66,0.06,-0.75
30.98,-35.74,-59.72,-0.73,-0.01,-0.68
16.68,-33.36,-59.72,-0.75,-0.14,-0.65
2.38,-33.36,-58.57,-0.69,-0.30,-0.66
-4.77,-30.98,-58.57,-0.60,-0.26,-0.76
-10.72,-28.59,-58.57,-0.55,-0.36,-0.75
-17.87,-20.25,-58.57,-0.47,-0.48,-0.74
-22.64,-13.11,-53.98,-0.32,-0.43,-0.84
-23.83,0.00,-51.68,-0.34,-0.48,-0.81
-29.79,7.15,-48.23,-0.23,-0.56,-0.79
-27.40,21.45,-49.38,0.12,-0.61,-0.78
-25.02,41.70,-55.13,0.39,-0.29,-0.88
-9.53,61.95,-62.02,0.88,-0.23,-0.42
9.53,73.87,-67.76,0.93,0.01,-0.36
15.49,76.25,-72.35,0.87,0.10,-0.48
20.25,76.25,-72.35,0.88,0.20,-0.44
33.36,72.68,-71.20,0.75,0.39,-0.54
45.27,71.48,-75.80,0.81,0.43,-0.38
56.00,57.19,-75.80,0.37,0.74,-0.56
66.72,48.85,-74.65,0.48,0.81,-0.32
71.48,39.32,-73.50,-0.14,0.89,-0.44
72.68,28.59,-72.35,0.19,0.70,-0.69
75.06,21.45,-71.20,0.01,0.82,-0.56
72.68,9.53,-58.57,-0.25,0.81,-0.53
67.91,-5.96,-62.02,-0.75,0.46,-0.47
54.80,-22.64,-60.87,-0.77,0.39,-0.50
42.89,-32.17,-58.57,-0.92,-0.02,-0.38
26.21,-34.55,-56.27,-0.89,-0.35,-0.30
8.34,-38.13,-57.42,-0.80,-0.60,-0.10
-3.57,-33.36,-72.35,-0.45,-0.89,-0.02
-8.34,-33.36,-76.95,-0.42,-0.90,-0.08
-16.68,-25.02,-72.35,-0.50,-0.86,-0.09
-22.64,-20.25,-72.35,-0.35,-0.87,-0.34
-33.36,-9.53,-53.98,-0.17,-0.97,-0.18
-33.36,-2.38,-56.27,0.01,-0.91,-0.41
-36.93,7.15,-51.68,0.03,-0.89,-0.44
-40.51,17.87,-51.68,0.10,-0.83,-0.54
-36.93,26.21,-48.23,0.60,-0.69,-0.41
-30.98,36.93,-47.09,0.49,-0.71,-0.51
-30.98,36.93,-47.09,0.55,-0.67,-0.49
-30.98,36.93,-47.09,0.57,-0.63,-0.52
-26.21,48.85,-44.79,0.65,-0.58,-0.50
-27.40,53.61,-41.34,0.78,-0.39,-0.48
-23.83,58.38,-47.09,0.83,-0.30,-0.47
-10.72,67.91,-63.16,0.85,-0.16,-0.50
1.19,71.48,-70.05,0.97,0.13,-0.22
11.91,75.06,-73.50,0.89,0.17,-0.41
19.06,76.25,-73.50,0.68,0.32,-0.65
32.17,73.87,-73.50,0.42,0.43,-0.80
41.70,70.29,-72.35,0.64,0.61,-0.46
51.23,66.72,-72.35,0.46,0.70,-0.55
53.61,63.14,-71.20,0.48,0.63,-0.62
59.57,57.19,-66.61,0.25,0.58,-0.78
63.14,53.61,-66.61,-0.06,0.81,-0.59
65.53,45.27,-63.16,0.18,0.84,-0.51
66.72,41.70,-58.57,0.07,0.71,-0.70
69.10,34.55,-55.13,-0.23,0.77,-0.59
71.48,22.64,-51.68,-0.30,0.79,-0.53
71.48,10.72,-56.27,-0.64,0.53,-0.56
71.48,0.00,-59.72,-0.67,0.43,-0.60
61.95,-13.11,-56.27,-0.84,0.26,-0.47
57.19,-16.68,-53.98,-0.76,0.27,-0.58
69.10,0.00,-60.87,0.15,0.85,-0.51
67.91,39.32,-62.02,0.52,0.64,-0.57
48.85,65.53,-63.16,0.77,0.33,-0.54
26.21,72.68,-64.31,0.83,0.13,-0.54
3.57,70.29,-63.16,0.71,-0.25,-0.65
-10.72,60.76,-58.57,0.46,-0.39,-0.80
-16.68,47.66,-53.98,0.30,-0.52,-0.80
-22.64,32.17,-49.38,0.18,-0.53,-0.83
-26.21,21.45,-47.09,0.09,-0.47,-0.88
-23.83,5.96,-47.09,0.03,-0.48,-0.87
-19.06,-1.19,-44.79,0.05,-0.43,-0.90
-13.11,-5.96,-43.64,0.06,-0.46,-0.89
-3.57,-11.91,-42.49,-0.30,-0.34,-0.89
3.57,-19.06,-43.64,0.01,0.02,-1.00
15.49,-17.87,-42.49,-0.23,-0.20,-0.95
26.21,-16.68,-43.64,-0.20,0.19,-0.96
38.13,-15.49,-43.64,-0.13,0.36,-0.92
56.00,-5.96,-49.38,-0.26,0.49,-0.83
63.14,0.00,-52.83,0.50,0.56,-0.67
66.72,14.30,-53.98,-0.02,0.64,-0.76
69.10,27.40,-59.72,0.66,0.37,-0.65
66.72,33.36,-58.57,0.72,0.38,-0.58
54.80,46.46,-57.42,0.64,0.06,-0.76
47.66,56.00,-51.68,0.62,-0.05,-0.78
42.89,59.57,-52.83,0.87,-0.15,-0.46
36.93,61.95,-52.83,0.93,-0.21,-0.31
29.79,67.91,-56.27,0.88,-0.24,-0.40
23.83,67.91,-56.27,0.79,-0.40,-0.45
25.02,70.29,-71.20,0.91,-0.34,-0.24
20.25,75.06,-73.50,0.87,-0.48,-0.10
13.11,73.87,-73.50,0.79,-0.60,-0.12
-1.19,71.48,-73.50,0.54,-0.82,-0.16
-11.91,63.14,-72.35,0.29,-0.95,-0.14
-22.64,53.61,-72.,-0.03,-0.97,-0.21
-28.59,44.08,-72.35,-0.12,-0.98,-0.17
-32.17,33.36,-68.91,-0.40,-0.81,-0.42
-30.98,8.34,-59.72,-0.60,-0.59,-0.54
-28.59,0.00,-57.42,-0.70,-0.46,-0.55
-20.25,-5.96,-53.98,-0.65,-0.34,-0.67
-15.49,-17.87,-53.98,-0.77,-0.11,-0.63
-1.19,-23.83,-51.68,-0.78,0.15,-0.61
10.72,-26.21,-50.53,-0.70,0.16,-0.70
19.06,-28.59,-48.23,-0.62,0.43,-0.66
26.21,-25.02,-50.53,-0.40,0.61,-0.68
27.40,-22.64,-48.23,-0.49,0.58,-0.66
29.79,-22.64,-48.23,-0.51,0.54,-0.67
36.93,-25.02,-51.68,-0.47,0.43,-0.77
38.13,-25.02,-53.98,-0.40,0.68,-0.61
44.08,-21.45,-52.83,-0.37,0.71,-0.59
50.04,-17.87,-57.42,-0.31,0.77,-0.56
57.19,-19.06,-62.02,-0.42,0.75,-0.51
60.76,-14.30,-65.46,-0.17,0.87,-0.46
63.14,-11.91,-65.46,-0.23,0.71,-0.66
66.72,-5.96,-65.46,-0.12,0.83,-0.54
67.91,-2.38,-64.31,0.13,0.81,-0.57
72.68,10.72,-66.61,0.36,0.78,-0.50
73.87,30.98,-74.65,0.62,0.63,-0.47
70.29,42.89,-80.39,0.57,0.78,-0.25
64.34,51.23,-87.28,0.85,0.50,-0.15
59.57,56.00,-90.73,0.92,0.38,-0.04
58.38,58.38,-91.87,0.87,0.47,-0.12
59.57,60.76,-84.98,0.91,0.36,-0.19
61.95,58.38,-84.98,0.87,0.47,-0.15
60.76,56.00,-84.98,0.88,0.48,-0.06
63.14,57.19,-82.69,0.90,0.44,-0.02
64.34,57.19,-80.39,0.88,0.47,-0.03
65.53,52.42,-83.84,0.84,0.53,-0.11
67.91,52.42,-89.58,0.75,0.66,0.03
67.91,46.46,-94.17,0.76,0.63,0.15
69.10,40.51,-99.91,0.69,0.64,0.34
66.72,30.98,-109.10,0.56,0.71,0.42
69.10,27.40,-112.55,0.52,0.74,0.42
69.10,29.79,-110.25,0.71,0.60,0.37
70.29,40.51,-105.66,0.85,0.50,0.12
60.76,53.61,-96.47,0.90,0.43,0.01
58.38,60.76,-88.43,0.95,0.32,-0.04
54.80,63.14,-83.84,0.89,0.46,-0.04
59.57,58.38,-87.28,0.59,0.79,0.16
65.53,45.27,-101.06,0.74,0.65,-0.15
65.53,45.27,-97.62,0.89,0.45,-0.02
63.14,52.42,-93.02,0.86,0.51,-0.03
57.19,59.57,-87.28,0.92,0.26,-0.29
42.89,70.29,-73.50,0.97,-0.14,-0.19
19.06,71.48,-62.02,0.79,-0.59,-0.17
-1.19,67.91,-59.72,0.57,-0.79,-0.21
-11.91,59.57,-59.72,0.38,-0.90,-0.19
-20.25,56.00,-62.02,0.20,-0.97,-0.07
-29.79,41.70,-72.35,-0.08,-0.99,0.11
-36.93,29.79,-80.39,-0.16,-0.95,0.25
-34.55,20.25,-81.54,-0.64,-0.76,0.09
-34.55,7.15,-78.09,-0.49,-0.86,0.10
-33.36,33.36,-65.46,0.51,-0.83,-0.22
2.38,65.53,-60.87,0.88,-0.29,-0.38
34.55,71.48,-68.91,0.91,0.21,-0.37
56.00,60.76,-76.95,0.61,0.35,-0.71
66.72,46.46,-87.28,0.74,0.64,0.17
66.72,38.13,-107.95,0.55,0.78,0.29
54.80,29.79,-121.73,0.59,0.70,0.41
36.93,27.40,-130.92,0.51,0.39,0.77
26.21,20.25,-134.37,0.28,0.30,0.91
14.30,13.11,-133.22,0.09,-0.04,0.99
2.38,9.53,-130.92,0.32,-0.34,0.89
-14.30,10.72,-121.73,0.38,-0.58,0.72
-27.40,13.11,-107.95,0.41,-0.73,0.55
-34.55,16.68,-95.32,0.34,-0.85,0.41
-35.74,19.06,-82.69,0.46,-0.87,0.18
-33.36,22.64,-74.65,0.42,-0.80,-0.42
-29.79,27.40,-63.16,0.51,-0.72,-0.47
-26.21,32.17,-53.98,0.65,-0.56,-0.51
-15.49,35.74,-47.09,0.63,-0.12,-0.76
-3.57,39.32,-39.05,0.76,0.03,-0.64
13.11,39.32,-33.30,0.56,0.34,-0.76
27.40,39.32,-34.45,0.46,0.47,-0.76
35.74,38.13,-35.60,0.41,0.60,-0.69
41.70,34.55,-36.75,0.32,0.71,-0.62
42.89,33.36,-35.60,0.24,0.75,-0.61
42.89,22.64,-36.75,0.06,0.86,-0.50
40.51,1.19,-36.75,-0.24,0.69,-0.68
34.55,-17.87,-43.64,-0.59,0.55,-0.60
25.02,-28.59,-57.42,-0.93,0.36,-0.07
14.30,-34.55,-63.16,-1.00,0.09,0.01
1.19,-33.36,-70.05,-0.93,-0.33,0.17
-11.91,-25.02,-67.76,-0.76,-0.64,0.02
-22.64,-13.11,-67.76,-0.65,-0.76,-0.02
-26.21,-3.57,-63.16,-0.31,-0.95,0.01
-28.59,10.72,-57.42,-0.19,-0.96,-0.21
-27.40,29.79,-58.57,0.17,-0.98,-0.11
-22.64,39.32,-53.98,0.35,-0.92,-0.20
-16.68,47.66,-55.13,-0.19,-0.98,-0.07
-20.25,53.61,-64.31,0.34,-0.94,-0.08
-22.64,52.42,-72.35,0.30,-0.77,0.55
-20.25,56.00,-68.91,0.18,-0.94,-0.30
-16.68,59.57,-67.76,0.39,-0.91,-0.17
-10.72,61.95,-64.31,0.41,-0.91,-0.10
-2.38,63.14,-57.42,0.82,-0.53,-0.19
11.91,65.53,-56.27,0.99,-0.08,-0.08
19.06,66.72,-52.83,0.93,-0.16,-0.33
28.59,60.76,-51.68,0.76,-0.10,-0.64
38.13,50.04,-42.49,0.60,0.11,-0.79
41.70,39.32,-37.90,0.57,0.01,-0.82
39.32,30.98,-35.60,0.52,0.00,-0.85
39.32,22.64,-34.45,0.16,0.02,-0.99
39.32,17.87,-32.16,0.31,0.19,-0.93
40.51,5.96,-33.30,0.09,0.09,-0.99
35.74,-9.53,-40.20,-0.27,0.01,-0.96
26.21,-15.49,-39.05,-0.32,0.00,-0.95
16.68,-19.06,-39.05,-0.44,0.01,-0.90
0.00,-17.87,-40.20,-0.25,-0.17,-0.95
-13.11,-16.68,-44.79,-0.26,-0.28,-0.92
-17.87,-14.30,-56.27,-0.49,-0.45,-0.75
-20.25,-4.77,-50.53,-0.56,-0.32,-0.76
-22.64,2.38,-42.49,-0.22,-0.18,-0.96
-20.25,16.68,-47.09,0.17,-0.41,-0.89
-21.45,35.74,-51.68,-0.10,-0.67,-0.73
-14.30,54.80,-57.42,0.28,-0.66,-0.70
-4.77,64.34,-63.16,0.52,-0.61,-0.60
2.38,71.48,-70.05,0.77,-0.34,-0.54
14.30,76.25,-79.24,0.93,-0.34,-0.16
35.74,70.29,-90.73,0.98,-0.13,-0.13
46.46,64.34,-96.47,0.96,0.11,0.25
56.00,60.76,-97.62,0.93,0.07,0.37
61.95,51.23,-97.62,0.71,0.61,0.35
61.95,48.85,-95.32,0.76,0.47,0.45
63.14,50.04,-93.02,0.66,0.49,0.57
61.95,52.42,-88.43,0.67,0.61,0.42
64.34,54.80,-87.28,0.57,0.68,0.45
63.14,50.04,-86.13,0.49,0.76,0.42
70.29,40.51,-78.09,0.42,0.87,0.25
71.48,33.36,-63.16,0.25,0.90,0.35
64.34,21.45,-50.53,0.24,0.97,-0.05
57.19,2.38,-48.23,-0.31,0.94,-0.12
44.08,-14.30,-44.79,-0.90,0.27,-0.34
26.21,-20.25,-42.49,-0.91,0.27,-0.32
13.11,-21.45,-42.49,-0.92,0.19,-0.34
-3.57,-15.49,-43.64,-0.71,-0.62,-0.32
-14.30,-5.96,-44.79,-0.61,-0.69,-0.40
-20.25,3.57,-43.64,-0.40,-0.85,-0.35
-19.06,15.49,-44.79,-0.21,-0.95,-0.24
-21.45,21.45,-48.23,0.06,-0.96,-0.28
-21.45,30.98,-50.53,0.13,-0.95,-0.27
-20.25,44.08,-53.98,0.42,-0.89,-0.15
-14.30,53.61,-59.72,0.63,-0.76,0.14
-4.77,63.14,-64.31,0.72,-0.68,-0.12
5.96,67.91,-63.16,0.92,-0.37,-0.12
21.45,72.68,-63.16,0.98,-0.18,-0.02
36.93,69.10,-62.02,0.97,0.25,0.05
50.04,63.14,-68.91,0.84,0.54,-0.00
64.34,51.23,-76.95,0.83,0.53,0.18
73.87,33.36,-83.84,0.53,0.79,0.31
77.44,22.64,-88.43,0.47,0.76,0.45
72.68,14.30,-97.62,0.33,0.71,0.62
67.91,0.00,-102.21,0.08,0.77,0.63
60.76,-10.72,-104.51,-0.16,0.62,0.77
47.66,-17.87,-110.25,-0.30,0.46,0.84
41.70,-22.64,-114.84,-0.04,0.40,0.91
26.21,-23.83,-118.29,-0.47,0.05,0.88
14.30,-20.25,-117.14,-0.41,-0.03,0.91
2.38,-14.30,-118.29,-0.35,0.00,0.94
-8.34,-2.38,-117.14,-0.18,-0.38,0.91
-14.30,7.15,-119.44,0.00,-0.41,0.91
-10.72,15.49,-124.03,0.11,-0.15,0.98
-7.15,19.06,-126.33,-0.03,-0.13,0.99
3.57,25.02,-129.77,0.04,0.00,1.00
17.87,30.98,-129.77,0.09,0.31,0.95
22.64,26.21,-129.77,-0.26,0.16,0.95
28.59,23.83,-129.77,-0.31,0.30,0.90
34.55,19.06,-128.62,-0.37,0.32,0.87
38.13,15.49,-128.62,-0.33,0.30,0.89
39.32,15.49,-126.33,-0.31,0.50,0.81
46.46,11.91,-122.88,-0.42,0.45,0.79
57.19,2.38,-113.70,-0.52,0.58,0.63
53.61,-1.19,-112.55,-0.72,0.41,0.55
58.38,-4.77,-110.25,-0.72,0.44,0.54
59.57,-4.77,-105.66,-0.73,0.44,0.53
64.34,-10.72,-98.77,-0.81,0.51,0.29
64.34,-10.72,-98.77,-0.85,0.39,0.37
64.34,-10.72,-98.77,-0.90,0.24,0.36
57.19,-20.25,-94.17,-0.94,0.13,0.33
45.27,-29.79,-96.47,-0.93,-0.16,0.34
32.17,-34.55,-95.32,-0.83,-0.37,0.42
22.64,-39.32,-87.28,-0.77,-0.53,0.35
15.49,-35.74,-84.98,-0.61,-0.67,0.43
3.57,-35.74,-81.54,-0.72,-0.69,-0.08
-3.57,-32.17,-74.65,-0.56,-0.83,-0.00
-8.34,-28.59,-75.80,-0.45,-0.88,0.11
-15.49,-22.64,-68.91,-0.47,-0.88,-0.08
-21.45,-16.68,-68.91,-0.14,-0.99,0.05
-27.40,-5.96,-74.65,0.18,-0.98,0.08
-34.55,5.96,-76.95,0.37,-0.92,-0.09
-34.55,20.25,-70.05,0.53,-0.85,-0.09
-33.36,29.79,-68.91,0.62,-0.77,-0.13
-27.40,41.70,-64.31,0.81,-0.58,-0.12
-25.02,45.27,-59.72,0.79,-0.56,-0.26
-22.64,46.46,-58.57,0.88,-0.40,-0.26
-20.25,46.46,-53.98,0.83,-0.37,-0.41
-11.91,52.42,-51.68,0.85,-0.36,-0.38
-10.72,52.42,-50.53,0.80,-0.12,-0.59
-2.38,52.42,-44.79,0.76,0.03,-0.64
8.34,52.42,-44.79,0.71,0.18,-0.67
23.83,46.46,-39.05,0.59,0.58,-0.57
42.89,41.70,-36.75,0.46,0.79,-0.39
52.42,32.17,-41.34,0.46,0.82,-0.35
63.14,28.59,-48.23,0.30,0.92,-0.27
65.53,20.25,-56.27,0.14,0.94,-0.30
70.29,11.91,-60.87,-0.07,0.98,-0.15
71.48,7.15,-65.46,0.34,0.93,-0.15
73.87,4.77,-74.65,0.21,0.98,-0.04
73.87,3.57,-73.50,0.03,0.99,0.08
71.48,3.57,-81.54,0.37,0.93,-0.03
73.87,-1.19,-86.13,0.30,0.95,0.05
73.87,0.00,-89.58,0.24,0.97,-0.02
71.48,0.00,-91.87,-0.11,0.97,-0.21
71.48,-3.57,-93.02,0.14,0.99,0.08
71.48,-2.38,-98.77,-0.39,0.91,0.11
64.34,-1.19,-107.95,-0.37,0.90,0.21
61.95,0.00,-111.40,-0.37,0.91,0.17
61.95,9.53,-114.84,-0.12,0.88,0.45
60.76,27.40,-120.59,0.13,0.80,0.59
59.57,40.51,-115.99,0.02,0.90,0.43
57.19,47.66,-111.40,0.19,0.88,0.43
56.00,53.61,-104.51,0.38,0.83,0.40
56.00,56.00,-99.91,0.44,0.81,0.37
53.61,61.95,-93.02,0.56,0.76,0.33
53.61,61.95,-91.87,0.45,0.83,0.32
52.42,64.34,-84.98,0.65,0.75,0.13
48.85,63.14,-73.50,0.74,0.67,-0.00
46.46,66.72,-73.50,0.79,0.61,0.06
42.89,71.48,-73.50,0.86,0.51,0.04
41.70,72.68,-70.05,0.86,0.51,0.09
38.13,69.10,-66.61,0.95,0.30,-0.05
30.98,67.91,-58.57,0.96,0.20,-0.17
26.21,67.91,-56.27,0.94,0.22,0.26
26.21,67.91,-56.27,0.98,0.03,-0.17
21.45,63.14,-51.68,0.97,0.03,-0.25
21.45,63.14,-48.23,0.85,0.00,-0.52
20.25,46.46,-39.05,0.71,0.02,-0.70
23.83,26.21,-29.86,0.26,-0.12,-0.96
20.25,0.00,-29.86,-0.19,-0.11,-0.98
20.25,-19.06,-43.64,-0.57,-0.08,-0.82
19.06,-34.55,-59.72,-0.91,-0.16,-0.39
17.87,-40.51,-80.39,-0.99,-0.08,0.09
19.06,-32.17,-104.51,-0.90,-0.02,0.44
17.87,-23.83,-119.44,-0.81,-0.15,0.57
20.25,-13.11,-129.77,-0.80,-0.14,0.58
16.68,-2.38,-127.48,-0.50,-0.13,0.86
16.68,-2.38,-128.62,-0.57,-0.22,0.79
13.11,4.77,-130.92,-0.46,-0.32,0.83
4.77,10.72,-132.07,-0.46,-0.36,0.81
0.00,22.64,-130.92,-0.14,-0.53,0.84
-4.77,38.13,-126.33,0.10,-0.70,0.70
-9.53,47.66,-113.70,0.37,-0.83,0.42
-17.87,53.61,-101.06,0.34,-0.85,0.39
-25.02,52.42,-87.28,0.29,-0.88,0.37
-21.45,52.42,-71.20,0.33,-0.94,0.05
-25.02,47.66,-65.46,0.25,-0.96,-0.06
-22.64,45.27,-63.16,0.24,-0.96,-0.16
-19.06,41.70,-53.98,0.17,-0.90,-0.41
-16.68,30.98,-47.09,0.21,-0.96,-0.19
-13.11,30.98,-42.49,0.07,-0.85,-0.51
-15.49,15.49,-42.49,-0.06,-0.90,-0.42
-11.91,0.00,-43.64,-0.12,-0.84,-0.52
-7.15,-19.06,-50.53,-0.47,-0.59,-0.65
-1.19,-28.59,-64.31,-0.70,-0.52,-0.48
3.57,-35.74,-80.39,-0.74,-0.64,-0.21
2.38,-28.59,-99.91,-0.82,-0.55,-0.17
1.19,-17.87,-119.44,-0.43,-0.66,0.61
-5.96,1.19,-125.18,-0.39,-0.72,0.58
-7.15,4.77,-127.48,-0.25,-0.78,0.57
-10.72,17.87,-126.33,0.00,-0.87,0.48
-17.87,35.74,-120.59,0.08,-0.89,0.45
-19.06,46.46,-107.95,0.09,-0.93,0.35
-26.21,52.42,-90.73,0.41,-0.91,-0.06
-16.68,57.19,-74.65,0.41,-0.76,-0.49
-10.72,54.80,-53.98,0.16,-0.70,-0.70
-7.15,45.27,-42.49,-0.11,-0.81,-0.57
1.19,40.51,-36.75,0.02,-0.60,-0.80
5.96,29.79,-32.16,-0.01,-0.52,-0.85
10.72,17.87,-25.27,-0.26,-0.36,-0.90
15.49,11.91,-28.71,-0.41,-0.40,-0.82
22.64,-3.57,-32.16,-0.52,-0.39,-0.76
25.02,-11.91,-39.05,-0.73,-0.28,-0.62
23.83,-26.21,-48.23,-0.70,-0.41,-0.58
19.06,-34.55,-59.72,-0.85,-0.53,0.02
15.49,-38.13,-76.95,-0.80,-0.60,-0.00
13.11,-35.74,-95.32,-0.77,-0.60,0.21
4.77,-29.79,-110.25,-0.37,-0.78,0.51
1.19,-20.25,-118.29,-0.48,-0.66,0.58
-7.15,-3.57,-124.03,-0.30,-0.83,0.47
-16.68,4.77,-120.59,-0.29,-0.91,0.30
-21.45,11.91,-117.14,-0.11,-0.95,0.27
-27.40,25.02,-110.25,0.14,-0.96,0.23
-25.02,45.27,-101.06,0.34,-0.91,0.23
-13.11,61.95,-90.73,0.59,-0.81,-0.07
-1.19,67.91,-76.95,0.63,-0.58,-0.51
4.77,64.34,-60.87,0.63,-0.51,-0.59
5.96,53.61,-47.09,0.34,-0.69,-0.64
14.30,36.93,-36.75,0.19,-0.53,-0.82
21.45,23.83,-31.01,0.00,-0.33,-0.94
30.98,16.68,-28.71,-0.12,-0.11,-0.98
38.13,4.77,-34.45,-0.29,-0.16,-0.94
39.32,-14.30,-42.49,-0.69,-0.06,-0.72
46.46,-26.21,-58.57,-0.78,0.19,-0.59
46.46,-33.36,-79.24,-0.96,0.21,-0.20
46.46,-29.79,-103.36,-0.89,0.43,0.16
53.61,-9.53,-114.84,-0.47,0.48,0.74
58.38,5.96,-121.73,-0.39,0.50,0.77
61.95,20.25,-119.44,-0.07,0.68,0.73
60.76,33.36,-115.99,-0.12,0.89,0.43
61.95,44.08,-107.95,0.16,0.95,0.28
70.29,41.70,-87.28,-0.06,0.98,-0.17
69.10,41.70,-67.76,-0.06,0.89,-0.45
64.34,38.13,-51.68,-0.31,0.71,-0.63
59.57,27.40,-45.94,-0.15,0.82,-0.55
61.95,28.59,-45.94,0.30,0.91,-0.27
71.48,21.45,-56.27,-0.79,0.44,-0.43
67.91,19.06,-49.38,-0.34,0.43,-0.84
45.27,21.45,-34.45,-0.18,0.36,-0.92
30.98,29.79,-28.71,0.27,-0.28,-0.92
19.06,44.08,-36.75,0.37,-0.11,-0.92
2.38,54.80,-49.38,0.49,-0.23,-0.84
-11.91,48.85,-56.27,0.12,-0.41,-0.90
-21.45,36.93,-57.42,0.00,-0.67,-0.74
-28.59,29.79,-62.02,0.11,-0.82,-0.56
-32.17,20.25,-64.31,-0.29,-0.90,-0.32
-34.55,13.11,-74.65,-0.44,-0.89,-0.13
-35.74,14.30,-83.84,-0.51,-0.86,0.08
-33.36,10.72,-90.73,-0.35,-0.81,0.46
-33.36,15.49,-96.47,-0.31,-0.78,0.54
-29.79,14.30,-97.62,-0.03,-0.74,0.67
-28.59,14.30,-102.21,0.11,-0.60,0.80
-25.02,10.72,-102.21,-0.31,-0.72,0.62
-25.02,7.15,-109.10,-0.04,-0.53,0.85
-23.83,7.15,-106.80,0.03,-0.57,0.82
-22.64,7.15,-112.55,0.13,-0.54,0.83
-21.45,3.57,-112.55,0.05,-0.64,0.77
-23.83,9.53,-112.55,0.12,-0.65,0.75
-21.45,13.11,-111.40,0.43,-0.54,0.72
-23.83,23.83,-112.55,0.57,-0.62,0.54
-15.49,32.17,-117.14,0.60,-0.54,0.59
-13.11,41.70,-115.99,0.86,-0.42,0.29
-11.91,51.23,-107.95,0.88,-0.46,0.11
-8.34,59.57,-98.77,0.88,-0.47,-0.02
-8.34,66.72,-90.73,0.86,-0.38,-0.34
-1.19,70.29,-80.39,0.82,-0.39,-0.42
1.19,67.91,-78.09,0.79,-0.33,-0.51
-2.38,69.10,-73.50,0.78,-0.26,-0.57
3.57,70.29,-73.50,0.76,-0.19,-0.62
2.38,65.53,-66.61,0.68,-0.16,-0.72
1.19,61.95,-62.02,0.58,-0.24,-0.77
1.19,63.14,-57.42,0.47,-0.32,-0.82
-4.77,50.04,-49.38,0.26,-0.46,-0.85
-16.68,38.13,-48.23,-0.12,-0.53,-0.84
-23.83,29.79,-51.68,-0.36,-0.61,-0.70
-22.64,16.68,-52.83,-0.44,-0.59,-0.68
-23.83,0.00,-52.83,-0.52,-0.69,-0.50
-20.25,-10.72,-59.72,-0.85,-0.40,-0.34
-16.68,-21.45,-64.31,-0.88,-0.47,0.05
-15.49,-25.02,-71.20,-0.70,-0.66,0.26
-19.06,-20.25,-82.69,-0.58,-0.60,0.55
-20.25,-20.25,-88.43,-0.28,-0.67,0.69
-26.21,-11.91,-89.58,-0.38,-0.68,0.62
-26.21,-11.91,-97.62,-0.30,-0.78,0.54
-22.64,-5.96,-102.21,-0.29,-0.65,0.70
-23.83,-4.77,-102.21,-0.21,-0.63,0.75
-22.64,-1.19,-106.80,-0.08,-0.59,0.80
-21.45,1.19,-112.55,0.04,-0.66,0.75
-14.30,7.15,-121.73,0.24,-0.48,0.84
-7.15,22.64,-125.18,0.61,-0.31,0.73
1.19,34.55,-124.03,0.77,-0.35,0.54
4.77,50.04,-121.73,0.91,-0.13,0.38
14.30,60.76,-115.99,0.96,0.08,0.26
16.68,65.53,-107.95,0.99,0.10,0.10
17.87,71.48,-97.62,0.98,0.19,-0.03
25.02,72.68,-90.73,0.95,0.23,-0.21
28.59,72.68,-86.13,0.86,0.35,-0.38
32.17,69.10,-71.20,0.72,0.45,-0.53
38.13,64.34,-56.27,0.65,0.39,-0.65
41.70,51.23,-47.09,0.09,0.48,-0.87
38.13,36.93,-37.90,-0.19,0.27,-0.94
35.74,11.91,-32.16,-0.29,0.13,-0.95
42.89,5.96,-35.60,-0.61,0.32,-0.72
41.70,-4.77,-35.60,-0.60,0.40,-0.69
45.27,-11.91,-43.64,-0.70,0.45,-0.55
48.85,-16.68,-50.53,-0.92,0.32,-0.22
52.42,-17.87,-52.83,-0.92,0.34,-0.20
48.85,-27.40,-59.72,-0.94,0.32,-0.09
40.51,-36.93,-70.05,-0.99,-0.04,0.13
33.36,-41.70,-80.39,-0.97,0.03,0.24
25.02,-39.32,-91.87,-0.80,-0.18,0.57
21.45,-38.13,-95.32,-0.70,-0.19,0.69
20.25,-34.55,-103.36,-0.60,-0.17,0.78
14.30,-32.17,-111.40,-0.65,0.05,0.76
15.49,-19.06,-118.29,-0.29,-0.09,0.95
10.72,-5.96,-127.48,-0.03,-0.20,0.98
10.72,3.57,-130.92,0.25,-0.41,0.87
5.96,15.49,-130.92,0.39,-0.33,0.86
8.34,27.40,-129.77,0.63,-0.12,0.77
4.77,35.74,-127.48,0.68,-0.35,0.64
-1.19,45.27,-122.88,0.75,-0.32,0.58
-3.57,53.61,-117.14,0.89,-0.32,0.33
-4.77,63.14,-104.51,0.96,-0.27,0.01
-4.77,64.34,-102.21,0.95,-0.29,-0.07
-5.96,70.29,-87.28,0.95,-0.20,-0.22
1.19,70.29,-74.65,0.85,-0.14,-0.50
8.34,69.10,-63.16,0.71,-0.02,-0.70
21.45,63.14,-51.68,0.60,0.24,-0.77
40.51,51.23,-44.79,0.23,0.53,-0.82
57.19,33.36,-41.34,0.03,0.69,-0.72
63.14,22.64,-49.38,-0.27,0.73,-0.62
63.14,3.57,-48.23,-0.59,0.62,-0.52
52.42,-16.68,-49.38,-0.91,0.32,-0.27
42.89,-28.59,-57.42,-0.98,0.13,-0.12
38.13,-33.36,-63.16,-0.98,0.08,-0.14
34.55,-38.13,-70.05,-0.99,-0.03,0.15
34.55,-38.13,-70.05,-0.85,-0.11,0.51
34.55,-38.13,-70.05,-0.73,-0.01,0.68
23.83,-39.32,-88.43,-0.63,-0.25,0.73
19.06,-40.51,-95.32,-0.77,-0.10,0.63
8.34,-36.93,-99.91,-0.60,-0.40,0.69
-5.96,-29.79,-101.06,-0.22,-0.80,0.56
-15.49,-17.87,-97.62,0.10,-0.84,0.52
-28.59,-3.57,-99.91,0.35,-0.87,0.36
-33.36,19.06,-91.87,0.76,-0.65,-0.05
-32.17,32.17,-83.84,0.80,-0.60,0.02
-26.21,44.08,-75.80,0.82,-0.57,0.02
-15.49,50.04,-63.16,0.87,-0.15,-0.47
-7.15,56.00,-56.27,0.80,-0.09,-0.60
0.00,48.85,-48.23,0.49,0.12,-0.87
9.53,44.08,-39.05,0.47,0.36,-0.80
15.49,36.93,-34.45,-0.07,0.40,-0.91
22.64,27.40,-29.86,0.02,0.43,-0.90
26.21,20.25,-28.71,-0.19,0.47,-0.86
25.02,19.06,-31.01,-0.29,0.48,-0.83
28.59,11.91,-29.86,-0.54,0.44,-0.72
38.13,0.00,-35.60,-0.71,0.60,-0.36
46.46,-13.11,-43.64,-0.83,0.49,-0.25
40.51,-22.64,-49.38,-0.99,0.09,-0.10
33.36,-28.59,-55.13,-0.99,0.08,0.12
30.98,-35.74,-65.46,-0.93,-0.00,0.35
29.79,-39.32,-79.24,-0.80,0.07,0.60
28.59,-38.13,-95.32,-0.64,-0.05,0.77
20.25,-34.55,-106.80,-0.38,-0.30,0.87
22.64,-28.59,-114.84,-0.21,-0.29,0.93
20.25,-16.68,-124.03,0.08,-0.24,0.97
13.11,-3.57,-128.62,0.48,-0.28,0.83
2.38,7.15,-128.62,0.66,-0.37,0.65
-9.53,22.64,-126.33,0.64,-0.62,0.45
-13.11,32.17,-117.14,0.64,-0.72,0.26
-21.45,33.36,-110.25,0.48,-0.84,0.26
-26.21,35.74,-103.36,0.55,-0.81,-0.21
-30.98,34.55,-95.32,0.47,-0.72,-0.51
-32.17,32.17,-79.24,0.27,-0.71,-0.65
-28.59,32.17,-67.76,0.25,-0.60,-0.76
-27.40,30.98,-59.72,0.08,-0.55,-0.83
-21.45,30.98,-51.68,-0.01,-0.50,-0.87
-8.34,25.02,-36.75,-0.41,-0.07,-0.91
8.34,10.72,-32.16,-0.64,0.06,-0.76
15.49,-1.19,-33.30,-0.63,0.10,-0.77
21.45,-9.53,-35.60,-0.87,0.22,-0.43
27.40,-17.87,-41.34,-0.95,0.23,-0.19
30.98,-28.59,-51.68,-0.96,0.23,-0.17
26.21,-32.17,-58.57,-0.95,0.24,-0.18
27.40,-35.74,-66.61,-0.95,0.03,0.30
27.40,-38.13,-71.20,-0.98,0.08,0.19
13.11,-41.70,-78.09,-0.84,-0.44,0.31
1.19,-35.74,-80.39,-0.78,-0.50,0.38
-13.11,-28.59,-84.98,-0.53,-0.74,0.41
-20.25,-17.87,-86.13,-0.33,-0.76,0.56
-25.02,-11.91,-82.69,-0.62,-0.79,-0.02
-17.87,-20.25,-66.61,-0.87,-0.44,-0.23
-9.53,-17.87,-50.53,-0.62,-0.50,-0.60
-5.96,-3.57,-39.05,-0.55,-0.66,-0.51
-1.19,9.53,-35.60,-0.34,-0.40,-0.85
-5.96,20.25,-39.05,0.12,-0.36,-0.92
-11.91,27.40,-37.90,0.01,-0.25,-0.97
-10.72,42.89,-49.38,0.25,-0.26,-0.93
-11.91,51.23,-51.68,0.67,-0.46,-0.59
-14.30,57.19,-71.20,0.74,-0.54,-0.39
-20.25,52.42,-90.73,0.78,-0.63,-0.06
-25.02,40.51,-97.62,0.58,-0.81,0.02
-28.59,28.59,-99.91,0.44,-0.74,0.50
-28.59,17.87,-99.91,0.14,-0.90,0.41
-29.79,4.77,-97.62,0.10,-0.92,0.37
-29.79,2.38,-90.73,-0.11,-0.97,0.22
-30.98,-7.15,-81.54,0.05,-0.99,0.09
-28.59,-4.77,-64.31,0.00,-0.99,-0.13
-26.21,0.00,-62.02,-0.11,-0.98,-0.15
-26.21,7.15,-57.42,0.15,-0.98,-0.11
-26.21,16.68,-56.27,0.44,-0.89,-0.11
-23.83,35.74,-56.27,0.64,-0.76,-0.11
-9.53,54.80,-58.57,0.84,-0.54,0.08
-1.19,66.72,-65.46,0.90,-0.44,0.06
10.72,69.10,-68.91,0.93,-0.29,0.19
20.25,73.87,-78.09,0.90,0.19,0.39
23.83,75.06,-86.13,0.84,-0.10,0.53
41.70,66.72,-101.06,0.58,0.27,0.77
41.70,61.95,-105.66,0.51,0.34,0.79
44.08,59.57,-113.70,0.40,0.38,0.83
41.70,51.23,-115.99,0.31,0.48,0.82
46.46,47.66,-115.99,0.16,0.35,0.92
46.46,41.70,-120.59,-0.19,0.29,0.94
41.70,33.36,-130.92,-0.54,0.11,0.84
32.17,13.11,-133.22,-0.69,0.11,0.71
32.17,-7.15,-127.48,-0.86,0.27,0.44
26.21,-19.06,-120.59,-0.96,0.19,0.20
25.02,-35.74,-105.66,-0.99,-0.04,-0.10
25.02,-39.32,-87.28,-0.86,-0.12,-0.50
21.45,-39.32,-75.80,-0.88,-0.27,-0.40
13.11,-36.93,-67.76,-0.60,-0.28,-0.75
9.53,-35.74,-63.16,-0.53,-0.51,-0.68
4.77,-32.17,-56.27,-0.24,-0.53,-0.81
-1.19,-23.83,-48.23,-0.25,-0.57,-0.78
0.00,-15.49,-40.20,-0.27,-0.55,-0.79
0.00,-9.53,-39.05,-0.05,-0.61,-0.79
-3.57,-2.38,-37.90,-0.08,-0.59,-0.80
-2.38,7.15,-34.45,0.26,-0.65,-0.71
-5.96,22.64,-37.90,0.48,-0.73,-0.48
-8.34,40.51,-45.94,0.84,-0.53,-0.12
-2.38,53.61,-51.68,0.87,-0.47,-0.14
-1.19,63.14,-57.42,0.86,-0.50,-0.10
5.96,67.91,-64.31,0.87,-0.45,0.20
11.91,71.48,-75.80,0.87,-0.28,0.40
13.11,72.68,-86.13,0.78,-0.21,0.60
16.68,73.87,-94.17,0.74,-0.24,0.63
22.64,71.48,-98.77,0.72,-0.05,0.70
26.21,69.10,-103.36,0.67,-0.08,0.74
23.83,69.10,-106.80,0.43,-0.37,0.82
22.64,63.14,-114.84,0.45,-0.16,0.88
20.25,54.80,-120.59,0.13,-0.24,0.96
23.83,45.27,-125.18,0.16,-0.14,0.98
27.40,30.98,-130.92,-0.06,-0.09,0.99
32.17,15.49,-134.37,-0.38,-0.18,0.91
30.98,-1.19,-129.77,-0.60,-0.40,0.70
17.87,-13.11,-126.33,-0.79,-0.36,0.50
5.96,-25.02,-113.70,-0.61,-0.70,0.38
0.00,-29.79,-103.36,-0.60,-0.76,0.26
-3.57,-33.36,-93.02,-0.60,-0.78,0.17
-8.34,-32.17,-87.28,-0.58,-0.81,-0.07
-11.91,-28.59,-80.39,-0.59,-0.79,0.15
-14.30,-29.79,-88.43,-0.47,-0.88,0.09
-19.06,-25.02,-80.39,-0.31,-0.90,-0.29
-19.06,-23.83,-73.50,-0.26,-0.93,-0.24
-19.06,-20.25,-67.76,-0.13,-0.83,-0.54
-16.68,-11.91,-55.13,0.03,-0.79,-0.61
-8.34,1.19,-42.49,0.16,-0.73,-0.67
-9.53,13.11,-39.05,0.27,-0.74,-0.62
-5.96,30.98,-37.90,0.57,-0.67,-0.47
-2.38,53.61,-47.09,0.75,-0.57,-0.33
3.57,66.72,-62.02,0.79,-0.61,-0.00
4.77,73.87,-78.09,0.87,-0.27,0.40
3.57,72.68,-83.84,0.82,-0.47,0.32
9.53,73.87,-90.73,0.78,-0.34,0.52
13.11,72.68,-99.91,0.66,-0.40,0.63
11.91,65.53,-106.80,0.53,-0.33,0.78
13.11,58.38,-115.99,0.31,-0.37,0.87
15.49,51.23,-121.73,0.20,-0.40,0.89
11.91,36.93,-127.48,-0.10,-0.42,0.90
9.53,17.87,-132.07,-0.25,-0.46,0.85
3.57,7.15,-133.22,-0.39,-0.67,0.62
0.00,-4.77,-125.18,0.43,-0.36,-0.83
-5.96,-16.68,-114.84,-0.46,-0.83,0.33
-11.91,-17.87,-107.95,-0.33,-0.90,0.27
-17.87,-19.06,-101.06,-0.33,-0.94,0.09
-21.45,-15.49,-96.47,-0.18,-0.96,0.23
-20.25,-20.25,-90.73,-0.27,-0.94,0.20
-23.83,-16.68,-86.13,-0.17,-0.98,0.05
-23.83,-14.30,-82.69,-0.20,-0.97,0.12
-26.21,-13.11,-81.54,-0.13,-0.99,0.03
-26.21,-13.11,-79.24,0.12,-0.99,0.09
-29.79,-8.34,-82.69,-0.15,-0.87,0.47
-34.55,0.00,-79.24,0.14,-0.97,0.22
-30.98,-2.38,-80.39,0.06,-0.98,0.20
-34.55,10.72,-71.20,0.26,-0.96,0.11
-30.98,25.02,-65.46,0.75,-0.65,0.15
-29.79,32.17,-62.02,0.58,-0.81,0.03
-27.40,34.55,-63.16,0.39,-0.92,0.02
-20.25,45.27,-65.46,0.56,-0.80,0.21
-21.45,52.42,-74.65,0.80,-0.59,0.12
-21.45,54.80,-79.24,0.51,-0.72,0.47
-16.68,59.57,-82.69,0.57,-0.62,0.54
-11.91,61.95,-91.87,0.48,-0.52,0.71
-4.77,67.91,-90.73,0.70,-0.48,0.53
0.00,71.48,-94.17,0.77,-0.39,0.51
8.34,72.68,-95.32,0.80,-0.35,0.49
10.72,69.10,-101.06,0.71,-0.39,0.59
14.30,66.72,-105.66,0.55,-0.30,0.77
21.45,61.95,-112.55,0.48,-0.20,0.85
26.21,46.46,-121.73,0.11,-0.07,0.99
28.59,27.40,-129.77,-0.13,-0.21,0.97
28.59,14.30,-130.92,-0.32,-0.22,0.92
28.59,5.96,-128.62,-0.44,-0.28,0.85
26.21,-5.96,-128.62,-0.56,-0.34,0.75
21.45,-15.49,-120.59,-0.74,-0.35,0.57
9.53,-20.25,-118.29,-0.69,-0.49,0.54
5.96,-27.40,-110.25,-0.70,-0.68,0.22
-3.57,-32.17,-102.21,-0.66,-0.74,0.13
-10.72,-32.17,-86.13,-0.60,-0.78,-0.16
-15.49,-27.40,-75.80,-0.41,-0.85,-0.33
-20.25,-17.87,-65.46,-0.20,-0.95,-0.22
-26.21,-8.34,-64.31,0.03,-0.92,-0.38
-29.79,7.15,-60.87,0.34,-0.90,-0.28
-29.79,21.45,-62.02,0.51,-0.85,-0.10
-27.40,35.74,-66.61,0.72,-0.69,-0.02
-27.40,48.85,-78.09,0.85,-0.50,0.16
-15.49,56.00,-93.02,0.90,-0.33,0.27
-8.34,56.00,-107.95,0.79,-0.08,0.60
4.77,54.80,-115.99,0.75,0.21,0.62
15.49,50.04,-122.88,0.77,0.26,0.58
23.83,45.27,-124.03,0.79,0.17,0.59
29.79,52.42,-118.29,0.84,0.47,0.26
26.21,60.76,-114.84,0.91,0.25,0.32
27.40,67.91,-107.95,0.99,0.01,0.15
26.21,67.91,-105.66,0.99,-0.06,0.15
30.98,71.48,-98.77,0.96,-0.25,0.10
29.79,76.25,-93.02,0.92,-0.32,0.20
33.36,71.48,-88.43,0.98,-0.21,0.06
29.79,73.87,-90.73,0.93,-0.21,0.31
38.13,70.29,-88.43,0.89,0.07,0.46
46.46,69.10,-84.98,0.91,0.14,0.40
48.85,67.91,-86.13,0.98,0.20,0.02
47.66,66.72,-78.09,0.89,0.41,0.20
40.51,71.48,-68.91,0.99,0.08,0.11
28.59,69.10,-59.72,1.00,-0.01,-0.09
13.11,71.48,-65.46,0.99,-0.14,0.08
-4.77,67.91,-72.35,0.92,-0.36,0.13
-20.25,59.57,-86.13,0.82,-0.44,0.37
-22.64,50.04,-95.32,0.26,-0.55,-0.79
-22.64,40.51,-104.51,0.61,-0.53,0.59
-19.06,34.55,-113.70,0.62,-0.55,0.56
-11.91,30.98,-122.88,0.64,-0.32,0.70
0.00,29.79,-128.62,0.70,-0.24,0.67
8.34,35.74,-129.77,0.71,-0.21,0.67
16.68,40.51,-128.62,0.81,-0.12,0.57
32.17,42.89,-126.33,0.73,0.03,0.69
38.13,45.27,-122.88,0.73,0.03,0.68
42.89,47.66,-117.14,0.81,0.08,0.59
46.46,53.61,-114.84,0.81,0.11,0.58
46.46,52.42,-110.25,0.81,-0.03,0.58
50.04,54.80,-104.51,0.86,0.19,0.48
48.85,56.00,-104.51,0.92,0.16,0.35
41.70,65.53,-93.02,0.93,0.10,0.36
38.13,69.10,-86.13,0.97,0.01,0.23
33.36,72.68,-74.65,0.98,-0.17,-0.07
25.02,69.10,-62.02,0.99,-0.15,-0.00
20.25,65.53,-53.98,0.92,-0.33,-0.22
15.49,65.53,-50.53,0.92,-0.30,-0.26
10.72,60.76,-48.23,0.92,-0.27,-0.28
10.72,60.76,-48.23,0.82,-0.35,-0.45
10.72,60.76,-48.23,0.78,-0.47,-0.40
-3.57,51.23,-49.38,0.83,-0.50,-0.24
-11.91,48.85,-52.83,0.54,-0.83,-0.15
-22.64,44.08,-60.87,0.40,-0.91,-0.14
-33.36,20.25,-67.76,0.12,-0.99,0.01
-34.55,9.53,-75.80,0.13,-0.99,0.08
-35.74,2.38,-82.69,-0.08,-0.99,0.12
-25.02,-7.15,-91.87,-0.33,-0.89,0.32
-15.49,-19.06,-104.51,-0.23,-0.78,0.58
-5.96,-14.30,-114.84,-0.03,-0.75,0.66
-1.19,-3.57,-125.18,0.13,-0.71,0.69
3.57,8.34,-129.77,0.05,-0.52,0.85
4.77,20.25,-128.62,0.12,-0.65,0.75
5.96,28.59,-129.77,0.21,-0.58,0.79
11.91,33.36,-128.62,-0.19,-0.55,0.82
15.49,26.21,-129.77,-0.04,-0.37,0.93
26.21,30.98,-133.22,0.07,-0.28,0.96
28.59,30.98,-134.37,0.25,-0.36,0.90
28.59,35.74,-128.62,0.48,-0.08,0.87
35.74,53.61,-119.44,0.69,0.09,0.72
38.13,64.34,-103.36,0.83,0.17,0.53
41.70,70.29,-84.98,0.96,0.24,-0.14
39.32,66.72,-58.57,0.87,0.27,-0.42
38.13,54.80,-43.64,0.83,0.26,-0.49
33.36,45.27,-41.34,0.89,0.31,-0.33
30.98,39.32,-36.75,0.69,0.31,-0.65
28.59,34.55,-34.45,0.57,0.11,-0.81
23.83,25.02,-29.86,0.31,-0.11,-0.94
13.11,11.91,-32.16,0.07,-0.32,-0.94
-2.38,-7.15,-40.20,-0.43,-0.52,-0.73
-8.34,-26.21,-60.87,-0.72,-0.59,-0.36
-7.15,-29.79,-83.84,-0.90,-0.42,-0.11
2.38,-34.55,-97.62,-0.86,-0.44,0.25
11.91,-29.79,-113.70,-0.77,-0.21,0.60
22.64,-20.25,-121.73,-0.74,-0.30,0.61
21.45,-15.49,-122.88,-0.60,-0.21,0.77
28.59,-5.96,-128.62,-0.61,-0.22,0.76
27.40,-3.57,-128.62,-0.69,-0.33,0.65
27.40,-3.57,-128.62,-0.49,-0.15,0.86
30.98,0.00,-132.07,-0.55,-0.35,0.76
27.40,2.38,-132.07,-0.13,-0.23,0.96
23.83,22.64,-130.92,0.28,-0.51,0.81
16.68,51.23,-122.88,0.42,-0.45,0.78
8.34,63.14,-107.95,0.63,-0.53,0.57
7.15,70.29,-96.47,0.53,-0.75,0.39
-1.19,69.10,-86.13,0.70,-0.62,0.35
-2.38,67.91,-79.24,0.81,-0.58,0.09
-4.77,67.91,-74.65,0.84,-0.53,0.08
-5.96,64.34,-65.46,0.82,-0.57,0.00
-5.96,64.34,-60.87,0.85,-0.53,0.00
-3.57,63.14,-57.42,0.81,-0.57,-0.12
-8.34,53.61,-51.68,0.66,-0.70,-0.27
-9.53,38.13,-42.49,0.19,-0.84,-0.51
-10.72,22.64,-37.90,-0.11,-0.88,-0.46
-9.53,0.00,-39.05,-0.53,-0.82,-0.20
1.19,-22.64,-50.53,-0.92,-0.36,0.15
14.30,-34.55,-63.16,-0.96,-0.19,0.19
25.02,-38.13,-76.95,-0.66,0.32,0.69
39.32,-36.93,-84.98,-0.24,0.40,0.88
47.66,-27.40,-102.21,-0.22,0.29,0.93
50.04,-11.91,-114.84,0.16,0.31,0.94
46.46,5.96,-124.03,0.37,-0.09,0.92
33.36,20.25,-132.07,0.47,-0.22,0.85
23.83,28.59,-129.77,0.57,-0.56,0.60
10.72,36.93,-126.33,0.70,-0.53,0.47
1.19,40.51,-122.88,0.75,-0.59,0.28
-11.91,44.08,-112.55,0.58,-0.75,-0.33
-17.87,50.04,-102.21,0.65,-0.75,-0.12
-15.49,54.80,-95.32,0.67,-0.69,-0.25
-17.87,53.61,-87.28,0.69,-0.60,-0.42
-16.68,57.19,-78.09,0.57,-0.58,-0.58
-15.49,56.00,-72.35,0.53,-0.45,-0.72
-17.87,52.42,-64.31,0.60,-0.29,-0.75
-16.68,45.27,-55.13,0.31,-0.29,-0.90
-15.49,33.36,-52.83,0.22,-0.25,-0.94
-14.30,22.64,-44.79,0.21,-0.16,-0.96
-10.72,15.49,-39.05,0.19,-0.08,-0.98
5.96,13.11,-32.16,0.23,0.26,-0.94
16.68,17.87,-27.56,0.26,0.36,-0.89
33.36,13.11,-31.01,0.10,0.50,-0.86
36.93,14.30,-32.16,0.20,0.76,-0.62
47.66,13.11,-33.30,0.26,0.80,-0.54
56.00,10.72,-43.64,0.14,0.91,-0.40
65.53,3.57,-56.27,-0.00,1.00,-0.07
72.68,4.77,-66.61,0.05,1.00,-0.03
73.87,3.57,-75.80,0.03,0.97,0.22
76.25,10.72,-73.50,0.40,0.91,0.01
76.25,22.64,-78.09,0.57,0.81,0.12
71.48,42.89,-79.24,0.74,0.44,0.51
65.53,53.61,-89.58,0.70,0.46,0.55
51.23,57.19,-99.91,0.49,0.12,0.86
38.13,58.38,-111.40,0.53,-0.28,0.80
17.87,60.76,-113.70,0.47,-0.56,0.68
0.00,59.57,-112.55,0.38,-0.73,0.56
-8.34,57.19,-105.66,0.30,-0.89,0.34
-19.06,53.61,-96.47,0.28,-0.95,0.16
-26.21,50.04,-84.98,0.27,-0.96,-0.04
-25.02,48.85,-82.69,0.26,-0.94,-0.21
-23.83,52.42,-79.24,0.21,-0.95,-0.25
-22.64,53.61,-75.80,0.19,-0.94,-0.27
-22.64,51.23,-73.50,0.33,-0.92,-0.22
-22.64,52.42,-73.50,0.29,-0.91,-0.30
-26.21,48.85,-75.80,0.24,-0.91,-0.34
-26.21,50.04,-78.09,-0.02,-0.99,-0.13
-26.21,46.46,-78.09,0.02,-0.97,-0.24
-26.21,50.04,-80.39,0.10,-0.99,-0.06
-26.21,46.46,-79.24,0.21,-0.88,-0.42
-23.83,48.85,-72.35,0.18,-0.82,-0.54
-25.02,48.85,-67.76,0.27,-0.67,-0.69
-20.25,48.85,-63.16,0.19,-0.53,-0.82
-19.06,52.42,-62.02,0.31,-0.67,-0.67
-15.49,52.42,-60.87,0.49,-0.48,-0.73
-11.91,51.23,-56.27,-0.02,-0.47,-0.88
-5.96,48.85,-47.09,0.24,-0.25,-0.94
1.19,46.46,-41.34,0.16,-0.17,-0.97
3.57,44.08,-40.20,0.13,0.22,-0.97
11.91,42.89,-36.75,0.10,0.12,-0.99
13.11,42.89,-35.60,0.13,0.27,-0.95
16.68,42.89,-37.90,0.15,0.31,-0.94
21.45,46.46,-37.90,0.15,0.35,-0.92
30.98,45.27,-36.75,0.16,0.44,-0.88
39.32,44.08,-41.34,0.13,0.65,-0.74
47.66,41.70,-41.34,0.13,0.81,-0.57
53.61,39.32,-47.09,0.11,0.89,-0.44
59.57,38.13,-53.98,0.14,0.96,-0.25
69.10,35.74,-63.16,-0.16,0.98,0.07
72.68,38.13,-78.09,0.00,0.93,0.38
70.29,38.13,-89.58,0.10,0.82,0.56
66.72,44.08,-98.77,0.14,0.78,0.61
57.19,51.23,-109.10,0.38,0.62,0.69
48.85,52.42,-115.99,0.36,0.35,0.86
39.32,56.00,-121.73,0.28,0.11,0.95
29.79,48.85,-124.03,0.26,-0.02,0.96
19.06,48.85,-126.33,0.11,-0.18,0.98
9.53,47.66,-126.33,0.12,-0.33,0.94
7.15,46.46,-124.03,0.32,-0.35,0.88
3.57,46.46,-122.88,0.09,-0.46,0.88
-2.38,47.66,-122.88,0.12,-0.70,0.70
-5.96,50.04,-117.14,0.20,-0.81,0.55
-10.72,48.85,-114.84,0.10,-0.82,0.56
-25.02,42.89,-102.21,0.18,-0.85,0.50
-25.02,48.85,-99.91,0.25,-0.97,0.04
-26.21,48.85,-90.73,0.24,-0.97,-0.00
-28.59,45.27,-88.43,0.17,-0.98,-0.14
-29.79,41.70,-81.54,0.14,-0.97,-0.19
-30.98,40.51,-72.35,0.16,-0.87,-0.46
-25.02,38.13,-64.31,-0.03,-0.89,-0.46
-21.45,45.27,-56.27,0.22,-0.57,-0.79
-4.77,47.66,-45.94,0.43,-0.21,-0.88
10.72,51.23,-45.94,0.41,0.23,-0.89
23.83,58.38,-48.23,0.46,0.48,-0.75
36.93,60.76,-58.57,0.54,0.68,-0.49
48.85,64.34,-70.05,0.51,0.82,-0.26
46.46,65.53,-87.28,0.57,0.81,0.14
41.70,64.34,-98.77,0.57,0.64,0.52
32.17,65.53,-106.80,0.55,0.42,0.72
13.11,58.38,-119.44,0.56,0.04,0.82
-9.53,42.89,-118.29,0.41,-0.33,0.85
-23.83,33.36,-106.80,0.21,-0.62,0.76
-29.79,29.79,-96.47,0.26,-0.77,0.58
-34.55,23.83,-87.28,0.26,-0.90,0.36
-35.74,14.30,-74.65,0.10,-0.93,0.34
-28.59,-5.96,-70.05,-0.04,-0.88,0.48
-14.30,-22.64,-75.80,-0.53,-0.84,-0.14
7.15,-35.74,-94.17,-0.45,-0.38,0.81
15.49,-30.98,-107.95,-0.90,-0.42,-0.15
17.87,-16.68,-124.03,-0.27,-0.19,0.94
20.25,0.00,-129.77,-0.23,-0.34,0.91
22.64,17.87,-134.37,-0.14,-0.40,0.91
19.06,27.40,-134.37,0.14,-0.50,0.85
7.15,40.51,-127.48,0.07,-0.59,0.80
-5.96,48.85,-115.99,0.23,-0.76,0.61
-14.30,54.80,-102.21,0.39,-0.79,0.48
-16.68,61.95,-89.58,0.58,-0.73,0.36
-9.53,66.72,-78.09,0.61,-0.71,0.34
1.19,71.48,-75.80,0.79,-0.61,0.06
11.91,72.68,-66.61,0.88,-0.47,0.06
15.49,66.72,-58.57,0.85,-0.52,-0.05
11.91,73.87,-76.95,0.84,-0.45,0.30
11.91,64.34,-109.10,0.43,-0.41,0.80
16.68,42.89,-128.62,0.03,-0.26,0.97
19.06,20.25,-133.22,-0.26,-0.27,0.93
25.02,2.38,-132.07,-0.60,-0.17,0.78
26.21,-19.06,-124.03,-0.88,-0.14,0.46
33.36,-30.98,-109.10,-0.95,-0.04,0.31
35.74,-35.74,-94.17,-0.99,0.06,-0.12
40.51,-38.13,-89.58,-0.94,0.17,-0.29
41.70,-36.93,-73.50,-0.85,0.13,-0.51
45.27,-30.98,-67.76,-0.76,0.21,-0.61
47.66,-30.98,-63.16,-0.66,0.30,-0.69
48.85,-27.40,-59.72,-0.71,0.28,-0.64
47.66,-26.21,-55.13,-0.42,0.29,-0.86
42.89,-28.59,-57.42,-0.60,0.12,-0.79
27.40,-35.74,-72.35,-0.81,-0.32,-0.49
13.11,-39.32,-79.24,-0.84,-0.41,-0.34
4.77,-36.93,-89.58,-0.69,-0.67,-0.27
-13.11,-25.02,-96.47,-0.57,-0.80,-0.17
-17.87,-16.68,-103.36,-0.36,-0.93,0.04
-21.45,1.19,-110.25,-0.08,-0.99,-0.09
-22.64,32.17,-110.25,0.39,-0.92,0.02
-16.68,53.61,-105.66,0.53,-0.84,0.15
-7.15,69.10,-93.02,0.52,-0.85,0.10
1.19,71.48,-76.95,0.69,-0.71,-0.14
11.91,67.91,-59.72,0.75,-0.53,-0.40
20.25,61.95,-49.38,0.71,-0.38,-0.59
21.45,53.61,-42.49,0.59,-0.54,-0.60
22.64,52.42,-39.05,0.64,-0.42,-0.64
23.83,50.04,-40.20,0.70,-0.47,-0.54
25.02,66.72,-52.83,0.89,-0.29,-0.34
23.83,71.48,-65.46,0.90,-0.32,-0.29
22.64,73.87,-68.91,0.96,-0.21,-0.15
22.64,76.25,-83.84,0.95,-0.24,0.18
25.02,75.06,-98.77,0.65,-0.30,0.70
28.59,63.14,-113.70,0.49,-0.01,0.87
33.36,52.42,-122.88,0.30,-0.08,0.95
45.27,32.17,-128.62,-0.24,0.14,0.96
54.80,8.34,-125.18,-0.53,0.46,0.71
56.00,-4.77,-118.29,-0.74,0.37,0.56
50.04,-15.49,-110.25,-0.89,0.38,0.23
47.66,-23.83,-109.10,-0.93,0.35,0.15
47.66,-27.40,-102.21,-0.97,0.23,0.02
40.51,-34.55,-101.06,-0.96,0.24,-0.14
42.89,-38.13,-84.98,-0.83,0.28,-0.48
42.89,-34.55,-71.20,-0.83,0.14,-0.54
47.66,-26.21,-57.42,-0.65,0.06,-0.76
52.42,-14.30,-50.53,-0.44,0.18,-0.88
54.80,-7.15,-48.23,-0.25,0.23,-0.94
56.00,-4.77,-47.09,-0.12,0.15,-0.98
