[-5.64,28.25,22.55,-0.15,-0.16,-1.08],
[-5.96,29.37,23.01,-0.21,0.36,-1.33],
[-5.96,29.37,23.01,-0.13,0.06,-1.18],
[-8.97,28.37,23.01,-0.27,-0.15,-1.01],
[-9.40,29.16,22.96,-0.14,0.05,-0.82],
[-10.51,28.81,21.24,-0.17,-0.02,-0.83],
[-12.93,28.08,21.70,-0.23,-0.26,-1.00],
[-12.93,28.08,21.70,-0.17,-0.16,-0.94],
[-14.82,28.14,21.45,-0.23,-0.20,-1.01],
[-16.19,27.91,20.01,-0.20,-0.29,-1.05],
[-16.33,26.97,21.15,-0.14,-0.10,-0.99],
[-16.17,26.37,19.62,-0.26,-0.17,-0.97],
[-16.17,26.37,19.62,-0.08,0.02,-0.98],
[-15.99,25.10,21.15,-0.09,-0.14,-1.00],
[-15.67,22.61,21.70,-0.20,-0.13,-0.97],
[-16.70,21.51,21.25,-0.13,-0.05,-0.91],
[-17.61,22.91,20.97,-0.29,-0.26,-1.22],
[-17.61,22.91,20.97,-0.12,-0.25,-0.71],
[-17.49,22.12,20.87,-0.34,0.09,-1.15],
[-18.70,23.24,18.95,-0.22,-0.18,-0.81],
[-19.13,23.69,19.51,-0.43,-0.32,-0.94],
[-19.89,23.57,19.48,-0.36,-0.76,-0.97],
[-19.89,23.57,19.48,-0.35,-0.38,-0.87],
[-19.35,22.96,20.58,-0.23,-0.22,-1.01],
[-18.73,21.57,20.45,-0.50,-0.47,-1.07],
[-19.87,19.42,20.14,-0.25,-0.09,-1.04],
[-19.41,16.92,20.61,-0.38,-0.20,-0.74],
[-19.41,16.92,20.61,-0.26,-0.25,-0.92],
[-19.62,16.44,20.42,-0.41,-0.16,-0.89],
[-19.38,14.03,20.04,-0.31,-0.10,-0.94],
[-17.93,10.60,21.58,-0.29,-0.05,-0.99],
[-13.73,5.37,22.20,-0.31,-0.05,-0.91],
[-9.44,1.46,21.33,-0.22,-0.05,-1.02],
[-5.10,-1.01,21.52,-0.01,0.05,-0.96],
[-4.44,1.00,21.79,-0.12,0.45,-1.04],
[-4.16,1.27,23.02,0.05,0.33,-0.95],
[-4.16,1.27,23.02,-0.19,-0.19,-0.91],
[-3.77,1.12,22.20,-0.09,0.33,-1.02],
[-2.95,0.24,22.51,-0.12,0.04,-0.93],
[-2.20,-1.37,22.02,-0.10,0.11,-1.02],
[-0.18,-0.42,22.36,-0.02,0.31,-0.88],
[-0.18,-0.42,22.36,-0.11,0.35,-1.07],
[4.63,-2.59,20.10,0.11,0.27,-0.85],
[7.75,-3.00,19.70,0.02,0.52,-0.99],
[8.58,1.42,21.70,0.09,0.32,-0.73],
[12.01,2.95,21.42,-0.09,0.13,-1.09],
[12.01,2.95,21.42,0.18,0.16,-0.98],
[13.21,5.42,21.66,0.25,0.36,-0.78],
[15.54,6.77,20.81,0.07,-0.02,-0.96],
[16.47,5.65,20.10,0.29,0.33,-0.91],
[17.44,8.98,19.60,0.06,0.13,-1.15],
[17.44,8.98,19.60,0.34,0.26,-0.84],
[16.66,9.74,20.28,0.03,0.37,-1.15],
[16.02,12.18,22.80,0.20,0.11,-1.02],
[16.85,14.38,22.07,0.42,0.15,-0.87],
[15.50,18.81,22.35,-0.05,-0.41,-1.10],
[15.50,18.81,22.35,0.27,-0.03,-0.92],
[15.37,20.63,22.57,0.12,-0.43,-0.92],
[14.22,21.37,21.86,0.20,-0.17,-0.97],
[13.75,21.30,22.84,0.10,-0.21,-1.06],
[13.64,22.86,22.29,0.10,-0.33,-1.01],
[13.64,22.86,22.29,0.19,-0.07,-0.92],
[11.78,23.58,23.73,-0.07,-0.39,-1.08],
[11.12,23.30,23.86,0.00,0.00,-1.03],
[11.32,22.68,23.58,0.04,-0.43,-1.12],
[10.21,22.81,23.50,0.10,-0.06,-1.00],
[10.21,22.81,23.50,-0.02,-0.12,-0.74],
[10.89,22.47,23.07,0.05,-0.32,-0.94],
[10.79,22.16,23.40,0.11,-0.08,-0.93],
[11.17,21.70,23.05,-0.06,-0.13,-0.94],
[10.90,23.94,23.83,-0.02,-0.07,-1.07],
[10.90,23.94,23.83,-0.03,-0.12,-0.83],
[9.19,24.50,24.01,0.04,0.15,-1.21],
[5.96,28.42,23.41,-0.10,-0.23,-2.06],
[9.51,28.22,21.41,0.02,-0.38,0.14],
[8.57,23.77,24.17,0.18,-0.11,-1.22],
[8.75,24.50,24.10,0.05,-0.04,-1.12],
[8.75,24.50,24.10,-0.04,0.06,-0.94],
[8.29,26.55,24.08,-0.04,0.31,-0.90],
[8.36,25.78,24.26,0.10,-0.10,-0.87],
[6.46,25.04,24.34,0.17,-0.05,-1.33],
[5.60,25.61,24.73,-0.03,0.05,-0.69],
[5.60,25.61,24.73,0.14,-0.05,-1.08],
[4.03,23.16,26.64,0.16,-0.11,-1.12],
[2.99,22.22,26.65,0.00,0.20,-0.85],
[1.11,21.44,25.60,0.09,-0.02,-1.18],
[-0.77,23.58,25.72,-0.01,-0.12,-0.78],
[-0.77,23.58,25.72,-0.12,0.00,-1.55],
[-2.97,23.57,26.61,-0.01,-0.22,-0.93],
[-2.31,21.01,27.32,0.07,0.38,-0.87],
[-2.11,19.58,27.47,0.00,0.02,-0.99],
[-2.45,19.36,26.79,0.09,0.40,-1.00],
[-2.45,19.36,26.79,0.08,0.17,-0.75],
[-3.80,19.69,27.66,0.06,0.02,-0.99],
[-6.10,23.01,25.44,0.04,0.45,-0.90],
[-5.44,23.18,26.77,0.06,0.20,-0.74],
[-9.39,25.04,24.13,-0.05,-0.19,-1.11],
[-9.39,25.04,24.13,-0.11,-0.01,-1.00],
[-10.78,24.29,24.05,0.08,-0.04,-1.00],
[-12.74,23.18,23.80,-0.16,-0.20,-1.08],
[-11.43,21.75,25.26,-0.14,-0.00,-0.93],
[-11.74,20.70,23.94,-0.04,0.07,-0.92],
[-11.74,20.70,23.94,-0.03,-0.09,-1.12],
[-13.45,19.43,25.37,-0.10,0.01,-1.02],
[-14.53,16.13,23.96,-0.06,0.02,-1.00],
[-15.43,14.38,23.00,-0.24,0.22,-0.98],
[-15.10,11.22,21.22,-0.16,0.10,-0.99],
[-15.10,11.22,21.22,-0.18,0.08,-1.00],
[-15.20,9.72,22.35,-0.16,0.19,-0.99],
[-14.81,8.74,21.52,-0.11,0.18,-0.94],
[-14.72,6.54,22.12,-0.18,0.12,-1.04],
[-15.17,5.46,21.01,-0.19,0.27,-0.98],
[-15.17,5.46,21.01,-0.15,0.18,-1.03],
[-14.59,4.44,21.91,-0.11,0.18,-1.15],
[-13.87,3.28,21.68,-0.23,0.32,-0.97],
[-13.23,1.61,20.87,-0.12,0.35,-0.89],
[-11.79,1.64,21.81,-0.22,0.03,-1.18],
[-11.79,1.64,21.81,-0.15,0.17,-0.85],
[-11.98,4.32,22.27,-0.02,0.08,-0.97],
[-11.30,4.19,22.99,0.02,0.16,-0.88],
[-8.69,2.14,22.71,0.17,0.21,-1.15],
[-8.69,2.14,22.71,-0.00,0.12,-0.69],
[-6.57,2.56,23.02,-0.11,0.23,-1.09],
[-4.38,4.91,26.25,0.03,-0.14,-1.30],
[0.10,6.85,27.56,-0.05,-0.19,-0.74],
[-0.94,6.68,26.23,-0.27,0.19,-1.29],
[-0.94,6.68,26.23,0.00,-0.22,-1.06],
[-3.26,3.00,24.54,-0.17,0.28,-1.07],
[-3.58,-0.60,23.45,-0.11,0.14,-0.99],
[-3.49,2.48,24.90,-0.11,0.02,-1.09],
[-0.88,3.03,26.37,-0.04,-0.11,-0.97],
[-0.88,3.03,26.37,-0.14,-0.03,-1.04],
[0.78,3.58,25.95,-0.10,-0.04,-1.16],
[2.27,5.80,27.40,-0.07,-0.36,-0.91],
[5.29,8.52,26.51,-0.04,-0.16,-0.84],
[5.16,12.34,26.67,-0.13,-0.31,-1.05],
[5.16,12.34,26.67,0.04,-0.24,-1.12],
[6.40,13.62,27.15,-0.11,-0.32,-0.90],
[7.15,14.26,25.93,-0.01,-0.24,-0.99],
[7.67,18.18,25.66,-0.13,-0.40,-0.85],
[7.93,21.94,24.73,-0.05,-0.43,-1.00],
[7.93,21.94,24.73,0.01,-0.43,-0.87],
[8.22,25.23,24.84,0.05,-0.38,-1.02],
[8.94,26.16,23.38,-0.10,-0.74,-1.15],
[9.97,26.32,23.06,0.16,-0.31,-0.81],
[10.77,26.54,22.95,-0.07,-0.34,-1.09],
[10.77,26.54,22.95,0.27,-0.32,-0.75],
[12.23,25.98,22.45,0.04,-0.15,-1.36],
[12.29,26.93,22.09,0.18,-0.47,-0.54],
[11.76,26.56,23.18,-0.08,0.04,-1.62],
[11.58,26.48,23.34,0.12,-0.15,-1.10],
[11.58,26.48,23.34,-0.02,-0.28,-0.71],
[10.27,28.36,22.53,0.15,-0.03,-1.25],
[8.34,29.32,22.58,-0.25,-0.40,-0.55],
[5.75,31.27,22.72,0.04,-0.40,-0.85],
[4.31,33.78,21.55,-0.22,-0.40,-0.63],
[4.31,33.78,21.55,-0.28,-0.26,-0.99],
[3.03,33.22,23.50,0.06,-0.27,-0.94],
[3.55,28.34,25.02,-0.00,0.04,-1.28],
[3.43,25.68,24.72,-0.13,0.01,-1.14],
[2.48,27.06,25.07,-0.27,-1.23,-1.14],
[2.48,27.06,25.07,-0.09,-0.14,-1.01],
[1.82,24.23,26.04,-0.11,0.48,-1.26],
[2.33,21.26,27.00,-0.07,0.20,-0.96],
[1.71,21.55,25.92,0.05,-0.01,-0.85],
[1.07,23.22,26.83,0.92,-0.58,-1.52],
[1.07,23.22,26.83,0.39,-0.02,-1.43],
[0.46,31.79,22.61,-0.51,-0.30,-0.71],
[-0.38,46.41,-0.78,0.60,-0.10,-0.23],
[0.23,45.42,-11.80,0.06,-0.76,-0.46],
[-0.90,45.25,-12.65,0.13,-1.18,-0.09],
[-0.90,45.25,-12.65,-0.01,-1.04,0.23],
[-3.52,47.19,-10.03,-0.09,-0.98,-0.37],
[-4.49,47.83,-3.67,-0.18,-0.80,-0.15],
[-6.71,48.13,1.46,-0.08,-0.94,-0.66],
[-7.91,45.78,6.68,0.02,-0.96,-0.56],
[-7.91,45.78,6.68,-0.10,-0.54,-0.73],
[-9.44,43.02,10.21,-0.14,-0.75,-0.96],
[-14.23,40.67,11.23,-0.59,-0.50,-0.61],
[-13.64,37.88,13.87,-0.33,-0.38,-0.68],
[-14.94,34.84,14.48,-0.42,-0.61,-0.83],
[-14.94,34.84,14.48,-0.18,-0.38,-0.84],
[-14.49,34.68,16.47,-0.19,-0.31,-0.89],
[-14.59,32.41,18.73,-0.23,-0.40,-0.96],
[-16.10,30.30,19.41,-0.28,-0.26,-0.90],
[-16.53,27.92,20.03,-0.28,-0.36,-0.96],
[-16.19,29.46,20.15,0.01,-0.18,-0.91],
[-16.19,29.46,20.15,-0.32,-0.30,-0.96],
[-18.25,31.30,17.31,-0.13,-0.51,-0.81],
[-19.47,27.31,18.31,-0.46,-0.40,-1.04],
[-20.41,23.43,19.10,-0.31,-0.22,-0.52],
[-20.63,23.68,18.74,-0.51,-0.38,-1.26],
[-20.63,23.68,18.74,-0.34,-0.31,-0.99],
[-20.67,22.46,19.62,-0.31,-0.28,-0.80],
[-20.56,20.87,20.43,-0.38,-0.79,-1.26],
[-19.46,20.24,19.91,-0.32,-0.32,-0.80],
[-19.17,21.14,21.26,-0.27,0.03,-0.91],
[-19.17,21.14,21.26,-0.45,-0.32,-1.12],
[-19.51,18.91,20.63,-0.31,0.16,-0.97],
[-18.59,17.29,19.82,-0.22,0.14,-0.92],
[-18.74,14.01,19.91,-0.15,0.19,-0.95],
[-17.68,10.58,20.29,-0.36,0.10,-0.82],
[-17.68,10.58,20.29,-0.12,0.10,-1.26],
[-15.69,4.42,19.02,-0.19,0.36,-0.90],
[-14.99,3.21,20.09,-0.17,0.15,-0.87],
[-14.70,4.65,21.02,-0.23,0.39,-0.97],
[-15.47,7.50,20.97,-0.27,-0.08,-1.11],
[-15.47,7.50,20.97,-0.35,0.08,-0.92],
[-16.14,8.79,20.67,-0.38,-0.04,-0.92],
[-14.79,5.66,21.39,-0.37,-0.02,-1.03],
[-12.41,2.31,21.23,-0.45,-0.08,-0.92],
[-9.99,1.60,20.51,-0.27,0.18,-0.92],
[-9.99,1.60,20.51,-0.19,0.37,-1.16],
[-9.16,-1.05,20.20,-0.32,0.05,-0.63],
[-6.75,-3.89,18.91,-0.25,0.58,-0.92],
[-4.87,-3.32,18.96,-0.23,0.33,-0.94],
[-1.62,-3.37,19.25,-0.18,0.22,-0.85],
[-1.62,-3.37,19.25,-0.11,0.19,-1.04],
[0.90,-2.88,20.63,-0.11,0.35,-0.97],
[1.86,0.02,21.18,-0.13,0.33,-1.02],
[3.30,0.74,22.36,0.05,0.06,-1.00],
[4.48,2.76,23.74,-0.02,0.25,-0.98],
[4.48,2.76,23.74,-0.02,0.02,-0.95],
[5.21,3.10,24.12,0.05,0.09,-1.00],
[5.04,5.13,24.98,-0.05,-0.02,-0.98],
[5.10,5.64,23.77,0.03,0.01,-0.97],
[5.87,6.13,23.94,0.06,-0.05,-0.97],
[5.87,6.13,23.94,-0.07,0.29,-0.86],
[5.13,7.79,25.88,-0.02,-0.12,-1.01],
[5.85,8.57,26.11,0.06,0.01,-1.05],
[6.87,8.64,24.91,-0.02,-0.02,-0.95],
[6.41,10.27,25.68,0.09,-0.06,-1.02],
[6.41,10.27,25.68,0.04,-0.17,-1.02],
[6.54,12.15,25.59,0.10,-0.29,-1.04],
[8.06,14.28,26.06,0.07,-0.23,-1.00],
[10.17,14.97,25.24,0.14,-0.29,-1.00],
[11.04,18.59,24.85,0.19,-0.38,-1.00],
[11.04,18.59,24.85,0.22,-0.64,-0.87],
[14.01,23.78,22.24,0.22,-0.56,-0.77],
[15.64,27.25,19.49,0.28,-0.73,-0.56],
[16.20,29.61,17.02,0.43,-0.86,-0.53],
[17.13,31.35,14.37,0.25,-0.91,-0.49],
[0.49,46.36,-1.73,-0.07,-1.27,-1.34],
[-1.39,44.84,-10.42,-0.42,-1.30,0.45],
[-0.79,39.50,-20.31,0.04,-0.92,0.67],
[-0.79,39.50,-20.31,0.10,-1.00,0.69],
[0.12,36.45,-24.05,0.04,-1.06,0.71],
[1.87,33.12,-25.15,0.07,-0.82,0.73],
[3.04,28.27,-27.64,0.17,-0.75,0.74],
[4.30,26.17,-28.65,0.03,-0.66,0.63],
[4.30,26.17,-28.65,0.18,-0.89,0.66],
[4.43,25.89,-28.36,0.20,-0.70,0.69],
[4.85,23.77,-28.67,0.17,-0.70,0.55],
[4.30,19.48,-30.44,0.17,-0.57,0.86],
[3.86,15.38,-29.42,0.10,-0.49,1.29],
[3.86,15.38,-29.42,0.32,-0.03,0.92],
[5.75,10.14,-28.50,0.28,-0.32,0.22],
[7.68,-8.04,-15.75,0.18,1.27,2.82],
[6.62,-12.44,-6.77,0.29,0.42,0.64],
[5.51,-13.09,-2.08,0.33,0.42,0.82],
[5.51,-13.09,-2.08,0.00,1.25,-0.27],
[2.93,-12.23,2.01,0.34,0.86,0.27],
[4.42,-11.49,5.87,0.31,0.92,0.02],
[5.52,-10.13,11.49,0.32,0.88,0.08],
[5.14,-8.34,14.37,0.23,0.97,-0.32],
[5.14,-8.34,14.37,0.38,0.79,-0.60],
[6.29,-6.12,17.29,0.40,0.73,-0.14],
[7.50,-0.45,21.36,0.40,0.77,-1.01],
[8.68,4.39,23.03,0.49,0.26,-0.60],
[9.66,7.02,24.10,0.63,0.46,-0.45],
[5.18,7.25,25.12,0.30,0.15,-0.33],
[0.95,7.43,25.81,0.01,0.04,-0.77],
[-4.98,14.98,26.87,-0.04,1.71,-0.58],
[-3.25,9.84,26.81,0.22,-0.32,-1.84],
[-3.25,9.84,26.81,0.37,-0.03,-0.81],
[-0.49,11.43,26.18,0.33,0.18,-1.02],
[1.94,15.36,26.64,0.31,0.43,-0.75],
[0.55,16.03,27.61,0.23,0.05,-1.06],
[-2.16,15.58,27.69,0.15,0.12,-1.08],
[-2.16,15.58,27.69,0.19,0.30,-0.99],
[-3.75,15.01,26.89,0.16,0.29,-1.08],
[-5.32,13.27,26.82,0.10,0.23,-0.93],
[-7.51,12.70,26.06,-0.08,0.39,-1.15],
[-6.38,11.45,25.85,0.05,0.48,-1.00],
[-6.38,11.45,25.85,0.06,0.49,-0.94],
[-6.68,11.00,25.77,0.01,0.14,-1.04],
[-6.19,12.32,25.52,0.06,0.70,-0.83],
[-5.91,13.06,26.45,0.09,0.11,-1.00],
[-5.91,17.60,26.01,-0.08,0.21,-0.94],
[-5.91,17.60,26.01,0.23,0.34,-0.65],
[-3.36,19.93,26.46,0.08,-0.36,-1.48],
[-1.27,23.61,25.81,0.19,0.27,-0.52],
[1.84,30.36,23.33,0.31,-0.40,-0.79],
[6.98,32.80,19.82,0.14,0.22,-0.84],
[6.98,32.80,19.82,0.49,-0.66,-1.29],
[8.37,34.86,17.98,0.49,-0.58,-0.63],
[10.49,36.91,14.56,0.62,-0.21,-0.81],
[12.41,38.38,11.82,0.68,-0.75,-0.65],
[14.22,38.96,8.87,0.69,-0.43,-0.45],
[14.22,38.96,8.87,0.78,-0.56,-0.74],
[16.75,38.07,5.93,0.78,-0.67,-0.10],
[18.62,36.40,6.26,0.85,-0.49,-0.23],
[20.86,33.56,5.10,1.22,0.25,-0.16],
[21.50,32.85,2.00,0.92,-0.33,0.15],
[21.50,32.85,2.00,0.93,-0.21,-0.07],
[23.27,31.67,-0.57,0.82,-0.14,0.08],
[23.78,30.64,-4.96,0.98,-0.60,0.37],
[22.66,31.77,-9.80,0.87,-0.25,0.33],
[20.86,30.33,-15.89,0.69,-0.07,0.68],
[20.86,30.33,-15.89,0.71,-0.20,0.47],
[18.58,30.69,-18.18,0.57,-0.16,0.79],
[16.14,28.44,-22.18,0.45,-0.02,0.56],
[11.40,28.25,-24.19,0.28,-0.51,1.10],
[8.63,29.74,-25.00,0.01,0.14,1.18],
[8.63,29.74,-25.00,0.18,-0.43,0.61],
[5.09,32.93,-24.79,-0.13,-0.19,0.95],
[2.14,33.76,-25.96,-0.29,-0.28,0.99],
[-1.68,34.52,-24.66,-0.38,-0.62,1.03],
[-3.38,35.42,-23.86,-0.53,-0.24,0.86],
[-6.79,36.45,-22.08,-0.40,-0.54,0.61],
[-6.79,36.45,-22.08,-0.60,-0.44,0.88],
[-11.10,36.17,-21.22,-0.51,-0.54,0.39],
[-13.50,37.93,-19.17,-0.21,-0.63,0.08],
[-17.09,38.51,-14.32,-1.11,0.16,1.14],
[-18.87,38.93,-12.52,-0.81,-0.46,0.13],
[-18.87,38.93,-12.52,-1.22,-0.61,-0.21],
[-19.64,39.72,-9.92,-1.00,-0.62,-0.17],
[-20.45,40.15,-5.49,-0.79,-0.57,-0.04],
[-21.40,39.79,-3.03,-0.93,-0.54,-0.18],
[-20.56,39.54,3.03,-0.75,-0.50,-0.48],
[-20.56,39.54,3.03,-0.83,-0.69,-0.55],
[-19.74,39.60,6.63,-0.75,-0.45,-0.55],
[-17.97,38.82,9.99,-0.61,-0.37,-0.75],
[-15.36,36.99,13.55,-0.66,-0.42,-0.75],
[-13.99,36.85,15.36,-0.64,-0.46,-0.84],
[-13.99,36.85,15.36,-0.52,-0.43,-0.74],
[-11.40,38.54,16.19,-0.29,-0.36,-0.81],
[-10.82,38.72,15.59,-0.58,-0.59,-0.80],
[-9.12,39.72,16.92,-0.18,-0.28,-0.81],
[-6.84,39.48,16.08,-0.30,-0.43,-0.73],
[-6.84,39.48,16.08,-0.08,-0.79,-1.19],
[-4.82,39.06,17.58,-0.04,-0.15,-0.91],
[1.04,35.77,18.62,0.03,-0.30,-1.08],
[5.30,36.11,18.07,0.27,-0.57,-1.02],
[8.95,36.55,15.86,-0.07,-0.37,-0.85],
[8.95,36.55,15.86,0.29,-0.30,-0.89],
[11.76,36.98,13.42,0.58,-0.47,-0.72],
[11.91,38.17,11.43,0.15,-0.53,-0.77],
[14.38,35.46,12.24,0.49,-0.14,-1.26],
[15.89,36.89,9.02,0.53,-0.32,-0.61],
[15.89,36.89,9.02,0.76,-0.30,-0.39],
[15.27,39.17,3.76,0.89,-0.69,-0.42],
[14.56,40.48,0.39,0.45,-0.68,-0.45],
[12.52,42.31,-3.83,0.42,-0.69,-0.33],
[10.02,43.23,-8.26,0.74,-0.80,-0.40],
[10.02,43.23,-8.26,0.16,-0.89,-0.05],
[6.98,43.73,-11.29,0.69,-0.66,0.05],
[5.03,42.83,-14.12,0.70,-1.36,0.14],
[3.65,39.65,-19.31,-0.24,-0.81,0.15],
[4.35,36.47,-22.36,0.74,-1.18,0.39],
[4.35,36.47,-22.36,-0.33,-1.22,1.07],
[6.79,33.06,-24.48,0.68,-0.52,0.60],
[7.65,31.43,-24.93,0.47,-0.79,1.03],
[11.07,28.17,-25.45,0.03,-1.19,0.69],
[18.38,22.38,-22.55,0.70,0.00,-0.57],
[18.38,22.38,-22.55,0.49,-1.34,0.46],
[18.91,13.42,-21.87,0.72,0.77,-0.29],
[17.33,3.72,-20.41,0.57,0.92,0.67],
[15.80,-0.70,-18.98,1.29,0.47,-0.19],
[12.60,-3.09,-19.45,0.50,0.49,1.36],
[12.60,-3.09,-19.45,0.79,0.15,0.34],
[13.04,-3.82,-16.86,0.47,0.33,1.01],
[12.17,-5.73,-16.50,0.69,0.33,0.67],
[9.85,-7.80,-14.87,0.43,0.93,0.07],
[10.24,-10.10,-11.16,0.95,1.27,0.49],
[10.24,-10.10,-11.16,0.60,0.61,0.23],
[13.29,-10.27,-6.25,0.63,0.72,0.74],
[13.73,-10.93,0.18,0.99,0.15,0.02],
[10.50,-11.12,4.63,0.53,0.92,-0.31],
[7.29,-12.00,6.40,0.60,0.96,-0.51],
[7.29,-12.00,6.40,0.47,0.98,0.45],
[5.53,-11.11,7.15,0.27,1.00,-0.13],
[6.95,-10.84,8.86,0.87,0.43,-0.68],
[6.80,-9.99,10.67,0.60,0.76,-0.17],
[7.32,-9.34,11.98,0.73,0.30,-0.41],
[7.32,-9.34,11.98,0.51,0.99,-0.35],
[7.51,-8.68,12.54,0.60,0.60,-0.18],
[7.46,-8.78,12.99,0.46,0.82,-0.49],
[7.90,-8.28,12.15,0.51,0.70,-0.09],
[7.90,-8.28,12.15,0.47,0.76,-0.07],
[6.75,-7.07,16.39,0.29,0.95,-0.71],
[1.33,2.95,23.52,0.20,0.49,-1.07],
[0.22,30.22,22.35,0.34,-0.20,0.34],
[-3.44,39.60,14.87,0.22,-0.43,-0.84],
[-3.44,39.60,14.87,0.15,-0.66,-0.80],
[-2.69,41.38,11.69,0.14,-0.78,-0.51],
[-1.34,45.63,1.34,0.25,-0.73,-0.70],
[2.97,44.74,-7.43,0.32,-1.06,-0.10],
[8.80,39.12,-16.86,0.44,-0.87,0.05],
[8.80,39.12,-16.86,0.49,-0.90,-0.04],
[15.54,31.73,-19.80,0.63,-0.50,0.12],
[21.24,20.00,-19.96,0.82,-0.11,-0.04],
[24.58,9.67,-15.52,0.96,0.15,0.33],
[25.37,3.22,-10.68,1.00,0.42,-0.01],
[25.37,3.22,-10.68,1.13,-0.13,-0.04],
[24.05,-2.33,-5.80,0.94,0.76,-0.17],
[22.27,-4.28,0.57,0.72,0.62,-0.24],
[22.28,-3.69,6.81,1.02,0.55,-0.57],
[23.88,0.88,9.36,0.88,0.28,-0.15],
[23.88,0.88,9.36,0.50,-0.14,-0.27],
[22.61,7.52,16.16,0.83,-0.11,-0.78],
[18.40,15.73,20.43,0.20,-0.10,-0.83],
[9.89,19.90,24.43,-0.16,-0.95,-1.26],
[4.68,22.92,25.11,0.46,-0.11,-1.55],
[4.68,22.92,25.11,-0.22,-0.31,-0.71],
[4.20,25.84,24.37,0.03,-0.53,-0.92],
[2.34,30.05,23.43,0.09,-0.72,-0.45],
[-1.29,36.44,19.68,-0.20,-0.91,-0.24],
[-6.27,42.61,11.79,-0.28,-0.72,-0.09],
[-6.27,42.61,11.79,-0.65,-1.92,-0.33],
[-11.93,45.31,7.74,-0.54,-0.91,0.05],
[-11.56,43.96,5.96,-0.30,-0.51,0.20],
[-13.53,42.57,7.36,-0.59,-0.86,0.06],
[-14.99,41.86,8.20,-0.76,-1.01,0.06],
[-14.99,41.86,8.20,-0.61,-0.68,0.49],
[-11.22,42.44,10.23,-0.39,-0.86,0.26],
[-11.49,38.92,15.31,-0.67,-0.36,-1.10],
[-15.84,37.54,14.28,-1.19,-0.55,0.16],
[-16.20,36.01,15.34,-0.74,-1.22,0.21],
[-16.76,37.83,15.59,-0.61,-1.01,-0.16],
[-16.76,37.83,15.59,-0.73,-0.50,-0.33],
[-20.04,38.50,12.50,-0.28,-0.75,-0.27],
[-21.86,35.75,10.74,-0.53,-1.04,0.00],
[-23.36,34.84,9.77,-0.40,-1.31,-0.73],
[-26.82,33.37,7.36,-1.21,-0.72,0.20],
[-26.82,33.37,7.36,0.02,-0.75,-0.74],
[-27.72,33.17,3.91,-1.02,-0.77,0.11],
[-28.76,33.12,-1.10,-0.71,-0.53,-0.00],
[-29.83,30.62,-5.15,-0.89,-0.51,-0.09],
[-29.82,26.38,-10.42,-1.12,-0.86,-0.41],
[-29.82,26.38,-10.42,-0.82,-0.70,0.53],
[-28.99,23.67,-12.82,-1.08,-0.48,0.10],
[-24.19,21.77,-21.30,-0.83,-0.36,0.27],
[-16.83,18.07,-27.40,-0.96,0.14,0.42],
[-13.57,18.97,-28.58,-0.84,-0.17,-0.06],
[-13.57,18.97,-28.58,-0.49,-0.53,1.10],
[-8.23,20.19,-29.17,-0.43,-0.38,0.75],
[-2.23,21.78,-30.65,-0.52,0.02,0.90],
[2.53,22.64,-31.53,-0.18,-0.23,0.85],
[9.28,25.00,-28.70,0.23,-0.59,1.01],
[9.28,25.00,-28.70,-0.15,-0.68,1.06],
[13.37,25.73,-24.96,-0.01,-0.34,0.73],
[16.66,23.89,-24.69,0.53,0.15,0.62],
[17.10,23.38,-24.27,0.26,-0.42,0.84],
[17.16,20.56,-23.34,0.85,-0.22,0.51],
[17.16,20.56,-23.34,0.18,-0.24,1.10],
[18.09,18.92,-22.57,0.50,-0.25,0.84],
[11.36,28.83,19.79,0.61,-0.03,-0.75],
[10.01,32.21,19.65,0.54,0.02,-0.89],
[7.02,33.90,19.74,0.53,-0.34,-0.85],
[3.42,35.75,19.73,0.42,-0.43,-0.86],
[3.42,35.75,19.73,0.48,-0.28,-0.86],
[0.04,36.62,20.32,0.31,-0.50,-0.92],
[-1.06,36.93,20.08,0.27,-0.43,-0.96],
[-2.93,36.32,20.64,0.21,-0.45,-0.91],
[-3.59,36.63,21.01,0.21,-0.39,-0.99],
[-3.59,36.63,21.01,-0.02,-0.53,-0.91],
[-4.93,36.68,19.91,-0.10,-0.30,-0.97],
[-6.41,35.82,21.06,0.01,-0.26,-0.96],
[-6.43,35.72,19.79,-0.10,-0.40,-0.97],
[-8.40,36.65,18.41,-0.13,-0.23,-0.92],
[-8.40,36.65,18.41,-0.16,-0.39,-0.95],
[-8.04,36.02,20.08,-0.20,-0.45,-1.03],
[-5.81,34.79,20.78,-0.20,-0.25,-0.94],
[-4.17,33.78,21.62,-0.07,-0.35,-0.99],
[-2.55,33.33,22.33,-0.28,-0.19,-0.92],
[-2.55,33.33,22.33,-0.03,-0.16,-0.95],
[1.88,31.31,23.27,-0.01,-0.16,-1.03],
[4.68,28.97,24.58,0.06,-0.16,-1.00],
[6.63,27.97,25.11,0.06,-0.10,-0.99],
[9.51,23.25,24.89,0.15,-0.02,-1.06],
[9.51,23.25,24.89,0.14,0.12,-0.94],
[11.83,20.80,25.13,0.28,0.14,-0.91],
[15.63,15.50,21.94,0.33,0.29,-1.02],
[18.93,12.46,18.93,0.21,0.30,-0.90],
[21.14,10.67,17.31,0.53,0.32,-0.89],
[21.14,10.67,17.31,0.45,0.23,-0.83],
[22.67,10.03,16.20,0.51,0.25,-0.82],
[23.22,9.13,13.92,0.57,0.24,-0.76],
[24.62,7.74,13.59,0.61,0.27,-0.78],
[26.57,8.03,11.57,0.60,0.41,-0.81],
[26.57,8.03,11.57,0.67,0.14,-0.78],
[27.26,12.02,9.16,0.76,-0.18,-0.64],
[27.51,21.30,5.48,0.54,-0.42,-0.43],
[28.12,23.83,2.25,0.89,-0.38,-0.53],
[27.33,25.40,-0.02,0.81,-0.49,-0.43],
[27.33,25.40,-0.02,0.72,-0.49,-0.25],
[26.56,27.70,-4.30,0.82,-0.52,-0.09],
[24.32,29.49,-6.03,0.89,-0.70,-0.00],
[23.63,31.12,-9.29,0.72,-0.61,-0.29],
[21.87,32.42,-8.84,0.86,-0.53,-0.12],
[21.87,32.42,-8.84,0.79,-0.68,0.02],
[19.91,33.86,-11.49,0.69,-0.74,0.01],
[17.80,35.13,-13.87,0.71,-0.86,0.19],
[15.01,36.46,-14.59,0.54,-0.84,-0.04],
[13.96,35.96,-18.37,0.60,-0.93,0.37],
[13.96,35.96,-18.37,0.72,-0.63,0.36],
[12.38,34.80,-20.34,0.50,-0.62,0.17],
[11.95,35.36,-18.63,0.20,-0.60,0.51],
[10.25,34.01,-21.84,0.53,-0.86,0.53],
[8.50,33.33,-22.97,0.10,-0.66,0.39],
[8.50,33.33,-22.97,0.52,-1.00,0.47],
[7.31,32.93,-24.89,0.33,-0.81,0.50],
[7.24,31.15,-26.07,0.29,-0.69,0.77],
[5.75,29.27,-27.26,0.30,-0.85,0.54],
[3.81,27.34,-28.61,0.25,-0.47,0.80],
[3.81,27.34,-28.61,0.21,-0.73,0.63],
[1.50,24.83,-30.13,0.19,-0.29,0.96],
[-1.16,18.48,-30.63,0.12,-0.28,0.94],
[-2.89,14.33,-29.16,0.08,-0.25,1.04],
[-4.64,9.51,-28.48,-0.07,-0.14,0.96],
[-4.64,9.51,-28.48,-0.12,0.15,0.78],
[-6.18,5.04,-24.74,0.01,0.29,1.06],
[-7.47,1.46,-22.77,-0.15,0.42,0.90],
[-7.36,-2.78,-19.25,-0.18,0.53,0.86],
[-6.14,-7.15,-12.65,-0.01,0.67,0.70],
[-6.14,-7.15,-12.65,-0.13,0.78,0.69],
[-6.71,-7.21,-9.25,-0.04,0.70,0.44],
[-5.32,-8.75,-6.57,0.04,0.91,0.53],
[-4.50,-9.46,-0.78,0.07,0.88,0.30],
[-3.08,-10.17,3.61,0.05,0.88,0.25],
[-3.08,-10.17,3.61,-0.01,1.12,-0.12],
[-3.22,-9.56,10.24,-0.16,1.08,0.01],
[-4.19,-6.70,16.08,-0.01,0.83,-0.45],
[-4.46,-2.08,21.79,-0.11,0.93,-0.79],
[-3.58,11.04,26.59,-0.16,0.98,-0.61],
[-3.58,11.04,26.59,-0.02,-0.06,-1.29],
[-3.60,26.98,24.57,-0.05,-0.22,-1.13],
[-2.11,30.51,23.56,0.00,0.06,-1.08],
[-1.84,35.35,20.40,0.12,-0.55,-1.05],
[2.49,39.78,14.18,0.06,-0.68,-0.97],
[2.49,39.78,14.18,0.23,-0.50,-0.86],
[6.38,42.92,9.08,0.35,-0.80,-0.49],
[9.17,44.64,-1.21,0.40,-0.58,-0.32],
[13.29,41.70,-8.58,0.61,-1.09,0.04],
[18.65,36.88,-10.57,0.49,-0.71,-0.41],
[18.65,36.88,-10.57,0.86,-0.54,0.33],
[21.67,30.31,-15.42,0.88,-0.30,-0.35],
[23.25,22.03,-17.32,0.89,-0.31,-0.06],
[23.11,16.06,-18.16,0.89,-0.22,0.88],
[24.10,8.17,-15.86,0.89,-0.14,0.33],
[24.10,8.17,-15.86,1.00,0.11,0.14],
[23.12,3.28,-13.23,0.92,0.47,0.13],
[23.11,-1.29,-9.44,0.96,-0.11,-0.16],
[23.28,-2.64,-6.18,0.97,0.95,-0.05],
[24.26,-2.03,-7.03,0.98,0.11,0.34],
[24.26,-2.03,-7.03,0.95,0.20,-0.08],
[26.25,1.05,-4.37,1.08,0.27,0.19],
[27.42,1.87,-2.12,0.80,-0.72,-0.60],
[27.64,5.37,-2.48,0.99,-0.49,0.43],
[27.19,4.16,2.22,1.05,0.36,-0.40],
[27.19,4.16,2.22,1.05,-0.05,0.20],
[27.32,4.43,1.77,0.99,-0.35,-0.35],
[27.54,6.34,6.10,0.92,-0.05,-0.47],
[26.44,5.66,7.20,0.97,-0.04,0.01],
[25.32,4.60,7.47,0.97,-0.14,0.19],
[25.32,4.60,7.47,1.03,0.18,-0.30],
[23.16,5.63,12.54,1.06,0.12,-0.48],
[20.76,7.53,13.38,1.08,0.23,-0.18],
[21.00,8.39,14.06,1.07,0.09,-0.20],
[21.01,10.06,14.26,0.89,0.15,-0.32],
[21.01,10.06,14.26,0.91,0.11,-0.35],
[20.51,11.54,16.76,0.89,-0.14,-0.50],
[19.48,16.06,18.44,0.78,-0.11,-0.03],
[19.21,21.70,17.05,0.93,0.03,-0.38],
[18.02,25.93,16.89,0.92,-0.16,-0.41],
[18.02,25.93,16.89,1.04,-0.09,-0.44],
[18.18,28.65,15.78,0.78,-0.29,-0.39],
[17.30,31.48,15.15,0.86,-0.72,-0.63],
[12.99,35.45,15.80,1.11,-0.26,-0.50],
[13.68,35.42,15.17,0.89,-0.50,-0.56],
[13.68,35.42,15.17,0.68,-0.49,-0.52],
[13.50,37.46,11.12,0.75,-0.55,-0.50],
[13.22,39.90,8.30,0.83,-0.90,-0.41],
[11.49,43.24,-8.40,0.23,-1.47,-0.92],
[7.78,44.74,-2.50,0.33,-1.06,-0.59],
[2.26,47.16,1.26,0.35,-0.91,-0.41],
[2.26,47.16,1.26,0.05,-0.86,-0.44],
[-5.09,47.00,5.52,-0.07,-0.90,-0.78],
[-9.33,44.71,10.99,-0.17,-0.56,-0.74],
[-12.96,41.61,16.14,-0.33,-0.79,-1.09],
[-14.62,39.54,15.97,-0.27,-0.34,-0.65],
[-14.62,39.54,15.97,-0.33,-0.38,-1.04],
[-16.99,37.98,16.67,-0.32,-0.55,-1.17],
[-15.53,36.95,17.83,-0.32,-0.40,-1.20],
[-12.01,38.84,18.66,-0.20,-0.19,-1.04],
[-3.78,34.33,21.98,-0.19,-0.28,-1.05],
[-3.78,34.33,21.98,0.11,-0.24,-1.15],
[4.42,33.42,20.48,0.42,-0.05,-0.24],
[11.05,33.54,19.37,0.71,-0.19,-0.36],
[13.04,31.60,19.04,0.70,-0.13,-0.73],
[15.01,30.80,17.96,0.68,-0.22,-0.89],
[15.01,30.80,17.96,0.76,-0.07,-0.69],
[16.99,30.49,15.92,0.83,-0.25,-0.59],
[18.66,30.55,12.77,0.88,-0.27,-0.38],
[22.12,30.62,8.65,0.99,-0.12,-0.48],
[23.52,31.35,3.78,0.99,-0.13,-0.03],
[23.52,31.35,3.78,0.95,-0.06,-0.10],
[24.66,29.70,-0.20,1.10,-0.27,0.29],
[25.70,27.53,-6.46,0.93,-0.01,0.14],
[26.56,25.49,-8.03,0.93,0.22,0.43],
[25.38,27.37,-8.35,0.89,-0.10,0.30],
[25.38,27.37,-8.35,0.86,-0.26,0.34],
[24.05,26.89,-11.38,0.71,-0.11,0.53],
[22.53,28.08,-14.06,0.70,-0.16,0.64],
[18.71,30.38,-16.98,0.57,-0.23,0.59],
[14.38,36.33,-16.44,0.48,-0.52,0.98],
[14.38,36.33,-16.44,0.24,-0.48,0.52],
[8.07,36.66,-19.87,0.00,-0.52,1.14],
[1.57,36.56,-21.69,-0.13,-0.62,0.95],
[-2.08,37.48,-21.90,-0.30,-0.29,0.42],
[-8.14,37.95,-20.46,-0.64,-0.48,1.10],
[-8.14,37.95,-20.46,-0.58,-0.50,0.31],
[-11.76,37.41,-19.78,-0.80,-0.41,0.63],
[-15.04,39.20,-17.11,-0.83,-0.33,0.50],
[-18.75,39.03,-12.98,-0.68,-0.74,0.24],
[-20.39,39.81,-9.30,-0.70,-0.44,0.02],
[-20.39,39.81,-9.30,-0.87,-0.51,-0.46],
[-20.53,41.11,-3.27,-1.05,-0.69,0.38],
[-19.60,41.96,0.66,-0.69,-0.71,-0.70],
[-17.05,43.32,4.25,-1.05,-0.58,0.06],
[-15.82,42.32,8.42,-0.93,-0.55,-0.52],
[-15.82,42.32,8.42,-0.65,-0.69,-0.61],
[-14.20,41.92,11.90,-0.65,-0.50,-0.84],
[-11.24,37.92,17.76,-0.44,-0.73,-0.59],
[-8.56,33.42,22.86,-0.48,-0.02,-0.93],
[-5.43,33.91,22.34,-0.35,-0.11,-0.78],
[-5.43,33.91,22.34,-0.05,-0.44,-1.20],
[-0.85,31.76,23.82,-0.35,-0.14,-0.80],
[-2.10,30.03,24.16,-0.06,-0.23,-1.08],
[-1.75,30.62,23.86,-0.14,-0.15,-1.10],
[3.54,34.58,20.85,-0.19,-0.57,-0.54],
[3.54,34.58,20.85,-0.35,-0.23,-1.12],
[-0.20,38.35,17.35,-0.44,-1.15,-1.13],
[-0.88,41.86,13.20,0.20,-0.21,-0.59],
[-3.06,45.56,8.30,-0.46,-0.58,-0.29],
[-9.05,45.87,5.96,-0.36,-1.12,-0.33],
[-9.05,45.87,5.96,-0.45,-0.88,-0.39],
[-12.77,45.02,4.32,-0.48,-0.94,-0.55],
[-13.71,43.84,6.51,-0.48,-0.91,-0.80],
[-11.55,43.37,9.97,-0.19,-0.57,-0.84],
[-9.79,41.94,13.28,-0.40,-0.44,-0.70],
[-9.79,41.94,13.28,-0.30,-0.64,-0.70],
[-9.18,39.00,16.81,-0.30,-0.50,-0.71],
[-7.93,38.27,17.41,-0.00,-0.21,-0.89],
[-8.73,35.75,19.01,-0.12,-0.49,-0.93],
[-8.00,35.03,19.87,-0.08,-0.36,-0.86],
[-8.00,35.03,19.87,-0.12,-0.14,-0.86],
[-8.23,34.58,20.89,-0.12,-0.21,-0.88],
[-8.02,32.68,21.48,-0.22,-0.37,-0.92],
[-7.58,32.24,22.57,-0.05,0.16,-0.55],
[-2.01,32.46,23.01,-0.10,0.44,-0.85],
[-2.01,32.46,23.01,0.15,-0.12,-0.79],
[2.27,31.14,23.24,0.17,-0.15,-0.91],
[5.22,29.53,23.39,0.36,-0.25,-0.94],
[8.14,30.14,22.12,0.45,-0.31,-0.98],
[10.99,31.25,21.03,0.51,-0.17,-0.98],
[10.99,31.25,21.03,0.60,-0.28,-0.65],
[15.42,29.75,18.79,0.69,-0.27,-0.82],
[19.21,28.22,14.32,0.87,-0.06,-0.44],
[21.80,28.92,10.84,1.00,-0.11,-0.16],
[21.31,30.66,8.04,1.01,-0.33,-0.36],
[21.31,30.66,8.04,1.01,-0.39,0.02],
[22.60,31.36,5.41,0.94,-0.29,-0.04],
[23.28,31.24,2.20,0.92,-0.30,-0.05],
[22.83,31.93,-0.55,0.95,-0.31,-0.15],
[22.30,32.59,-3.37,0.90,0.02,0.45],
[22.30,32.59,-3.37,0.76,-0.37,-0.12],
[22.33,31.49,-8.31,0.84,-0.41,0.68],
[21.24,31.73,-10.90,0.72,0.08,0.83],
[19.48,33.06,-11.76,0.76,-0.53,0.75],
[15.60,34.42,-16.97,0.27,-0.60,1.06],
[15.60,34.42,-16.97,0.31,-0.27,0.94],
[11.21,35.11,-19.79,0.18,-0.43,0.58],
[5.46,36.80,-20.80,-0.11,-0.43,0.49],
[-1.93,37.95,-20.06,-0.44,-0.19,1.41],
[-8.48,37.78,-20.07,-0.33,-0.51,0.85],
[-8.48,37.78,-20.07,-0.64,-0.59,0.61],
[-13.39,40.05,-15.76,-0.71,-0.89,0.93],
[-15.98,39.53,-13.72,-0.45,-0.45,0.22],
[-18.73,39.76,-9.28,-0.80,-0.45,0.21],
[-20.28,40.44,-1.51,-0.90,-0.55,-0.02],
[-20.28,40.44,-1.51,-0.88,-0.35,-0.46],
[-19.74,39.82,5.75,-1.09,-0.62,0.11],
[-19.34,40.32,7.78,-0.76,-0.51,-0.48],
[-17.64,37.66,12.65,-0.70,-0.34,-0.53],
[-16.36,37.34,14.84,-0.63,-0.34,-0.80],
[-16.36,37.34,14.84,-0.73,-0.40,-0.77],
[-14.12,37.33,17.00,-0.42,-0.41,-0.70],
[-12.34,35.96,18.98,-0.49,-0.31,-0.98],
[-8.59,34.14,21.46,-0.50,-0.47,-0.81],
[-5.69,28.99,25.76,-0.29,-0.07,-1.05],
[-5.69,28.99,25.76,-0.29,-0.10,-1.08],
[0.50,22.02,26.09,-0.28,-0.04,-1.01],
[4.28,23.60,25.84,0.07,0.18,-1.05],
[8.72,23.95,24.99,0.19,0.09,-0.88],
[11.28,24.24,23.16,0.28,0.23,-0.96],
[11.28,24.24,23.16,0.22,-0.18,-0.85],
[12.52,26.37,21.23,0.44,-0.11,-0.76],
[14.11,30.16,19.18,0.54,0.12,-0.80],
[15.06,31.19,16.09,0.48,-0.36,-0.90],
[16.13,33.61,14.53,0.56,-0.69,-0.94],
[16.13,33.61,14.53,0.57,-0.37,-0.94],
[17.26,36.18,9.46,0.58,-0.36,-0.66],
[16.72,38.18,4.57,0.63,-0.67,-0.61],
[16.17,39.77,-1.99,0.70,-0.71,-0.71],
[16.22,39.33,-6.57,0.40,-0.33,-0.12],
[16.22,39.33,-6.57,0.80,-0.62,-0.25],
[16.42,36.16,-13.83,0.51,-0.64,0.20],
[16.78,30.85,-19.12,1.00,-0.61,0.17],
[14.90,25.92,-22.74,0.11,-0.47,0.62],
[14.32,21.80,-24.98,0.49,-0.67,0.71],
[14.32,21.80,-24.98,0.67,-0.58,0.77],
[16.30,9.99,-23.13,0.33,0.19,0.80],
[16.44,3.32,-21.81,1.14,-0.21,0.54],
[14.50,-3.78,-17.92,0.31,0.51,0.96],
[12.12,-6.68,-14.11,0.68,0.25,0.48],
[12.12,-6.68,-14.11,0.62,0.53,0.76],
[9.91,-11.01,-7.53,0.36,-0.02,0.42],
[6.32,-13.49,3.81,0.44,1.11,-0.44],
[3.70,-11.28,9.83,0.14,0.98,0.63],
[2.01,-7.09,16.89,0.64,0.42,-0.84],
[2.01,-7.09,16.89,0.26,1.23,-0.61],
[0.16,-1.95,21.59,0.62,-0.24,-0.97],
[1.71,2.33,24.77,-0.06,0.66,-0.84],
[0.55,8.75,27.19,0.39,0.48,-0.58],
[-3.36,19.24,27.39,0.19,0.00,-0.70],
[-3.36,19.24,27.39,-0.02,-0.23,-1.22],
[-9.29,28.63,22.46,0.01,-0.34,-1.09],
[-14.07,34.35,18.96,-0.38,-0.75,-0.85],
[-17.50,34.17,15.41,-0.35,-0.40,-1.02],
[-20.40,32.50,14.76,-0.52,-0.53,-1.06],
[-20.40,32.50,14.76,-0.80,-0.26,-0.69],
[-23.10,34.30,9.80,-0.74,-0.44,-0.59],
[-24.16,35.45,6.24,-0.62,-0.69,-0.59],
[-23.91,36.77,2.75,-0.61,-0.37,-0.66],
[-24.16,36.34,0.34,-0.60,-0.54,-0.56],
[-24.16,36.34,0.34,-1.04,-0.99,-0.15],
[-23.67,36.43,0.93,-0.51,-0.30,-0.78],
[-20.32,40.14,-0.15,-0.61,-0.72,-0.80],
[-18.32,41.43,-0.94,-0.47,-1.08,-0.41],
[-18.08,41.08,-3.38,-0.59,-0.30,-0.18],
[-18.08,41.08,-3.38,-0.57,-0.96,-0.10],
[-17.49,41.22,-4.13,-0.48,-0.98,-0.58],
[-14.00,42.58,-3.67,-0.28,-0.75,-0.38],
[-12.50,43.74,-4.35,-0.40,-0.98,-0.14],
[-11.83,42.90,-6.65,-0.40,-1.15,-0.04],
[-11.83,42.90,-6.65,-0.29,-1.28,-0.02],
[-12.71,43.18,-9.25,-0.25,-0.67,-0.08],
[-10.40,43.21,-11.08,-0.32,-0.94,0.15],
[-7.78,40.15,-17.15,-0.08,-0.46,0.47],
[-3.77,38.81,-20.41,0.04,-0.75,0.34],
[-3.77,38.81,-20.41,-0.01,-1.17,0.41],
[-0.04,32.29,-25.17,0.17,-0.63,0.29],
[2.87,21.58,-28.38,0.26,-0.47,0.79],
[5.65,12.33,-28.71,0.16,-0.38,1.00],
[7.58,3.77,-25.33,0.33,-0.16,0.70],
[7.58,3.77,-25.33,0.41,0.68,1.01],
[9.74,-1.77,-20.97,0.32,0.24,0.99],
[12.05,-8.20,-11.79,0.54,0.20,0.29],
[13.71,-10.71,-1.66,0.58,0.90,0.35],
[15.00,-9.96,4.53,0.43,0.64,0.48],
[15.00,-9.96,4.53,0.68,1.46,-0.13],
[15.20,-6.25,11.46,0.56,0.43,-0.05],
[14.95,-2.12,16.61,0.69,0.40,-0.60]