-6.98,13.51,-31.80,0.04,-0.27,0.96
-6.32,14.37,-30.92,0.05,-0.28,0.96
-5.41,14.32,-31.60,0.04,-0.26,0.96
-4.22,13.42,-31.42,0.16,-0.22,0.96
-2.92,13.62,-31.67,0.07,-0.39,0.92
-2.61,12.19,-31.85,0.11,-0.11,0.99
-1.21,12.10,-32.19,0.08,-0.31,0.94
-1.50,12.22,-31.51,0.01,-0.03,1.00
0.55,9.39,-30.80,0.03,-0.25,0.96
0.68,8.30,-30.11,0.01,-0.04,1.00
-1.62,4.06,-28.17,0.21,0.07,0.98
-3.43,-2.66,-23.51,-0.29,-0.16,0.94
-3.49,-7.50,-18.84,-0.24,0.53,0.81
-3.63,-10.55,-15.44,-0.09,0.37,0.92
-2.47,-13.16,-7.68,-0.09,0.70,0.71
-4.25,-12.63,-3.92,-0.05,0.97,0.21
-4.59,-11.78,0.67,-0.15,0.84,0.52
-5.57,-10.64,5.16,-0.12,0.99,0.01
-8.06,-7.59,11.18,-0.21,0.97,0.14
-7.62,-5.10,16.47,-0.15,0.83,-0.54
-9.45,0.70,20.73,-0.17,0.90,-0.40
-8.94,5.62,24.62,-0.14,0.71,-0.69
-8.51,9.12,25.74,-0.20,0.55,-0.81
-7.97,15.66,26.17,-0.32,0.41,-0.85
-6.54,22.13,25.66,-0.24,0.29,-0.93
-6.23,26.60,25.11,-0.22,-0.20,-0.96
-5.36,32.17,22.89,-0.17,-0.11,-0.98
-4.93,38.06,18.82,-0.05,-0.47,-0.88
-4.24,43.43,13.15,-0.03,-0.63,-0.78
-3.19,46.34,6.91,0.10,-0.67,-0.73
-3.19,48.40,1.05,0.01,-0.91,-0.41
-1.75,48.38,-3.61,0.16,-0.95,-0.25
-3.49,48.33,-8.17,-0.02,-0.97,-0.24
-6.62,47.23,-13.62,-0.08,-0.99,-0.02
-8.24,46.12,-14.59,-0.12,-0.98,0.17
-8.28,45.13,-17.97,-0.15,-0.99,0.00
-8.18,43.18,-20.42,-0.16,-0.93,0.32
-7.47,36.88,-27.67,0.05,-0.72,0.69
-6.77,30.13,-30.47,-0.03,-0.75,0.66
-8.34,25.94,-31.31,-0.10,-0.58,0.80
-8.39,17.37,-30.83,-0.09,-0.36,0.93
-8.25,10.34,-30.05,-0.05,-0.21,0.97
-8.97,4.65,-26.42,-0.12,0.17,0.98
-8.08,-2.39,-21.98,-0.09,0.40,0.91
-9.31,-4.57,-16.80,-0.13,0.52,0.84
-9.86,-8.61,-7.63,-0.25,0.82,0.51
-9.51,-9.85,-0.77,-0.11,0.97,0.22
-7.98,-7.85,10.28,-0.20,0.98,0.07
-7.59,-4.43,17.41,-0.10,0.87,-0.48
-5.99,-1.21,20.79,-0.23,0.92,-0.32
-5.33,2.06,24.11,-0.09,0.70,-0.71
-4.37,6.32,25.62,-0.14,0.65,-0.75
-5.53,10.74,27.00,-0.22,0.52,-0.83
-4.53,14.20,26.20,-0.06,0.31,-0.95
-5.19,20.39,26.38,-0.11,0.33,-0.94
-7.85,24.24,25.56,-0.21,0.19,-0.96
-8.30,25.49,24.74,-0.14,-0.17,-0.98
-8.19,30.03,23.83,-0.01,-0.10,-0.99
-8.42,32.32,22.57,-0.07,-0.20,-0.98
-9.11,32.64,22.63,-0.03,-0.06,-1.00
-11.28,33.68,21.66,-0.13,-0.22,-0.97
-11.28,32.41,21.97,-0.14,-0.28,-0.95
-14.34,30.76,21.72,-0.13,0.16,-0.98
-19.67,26.56,21.96,-0.24,-0.19,-0.95
-20.52,24.39,20.94,-0.12,-0.09,-0.99
-22.17,22.74,20.59,-0.29,0.01,-0.96
-21.39,19.07,21.51,-0.28,-0.12,-0.95
-19.87,17.40,22.91,-0.24,0.02,-0.97
-18.36,15.84,23.02,-0.24,-0.14,-0.96
-18.58,13.02,22.39,-0.33,-0.25,-0.91
-17.77,10.31,22.77,-0.25,0.04,-0.97
-17.69,10.78,23.16,-0.34,-0.10,-0.93
-17.60,9.29,22.27,-0.27,0.21,-0.94
-17.16,9.94,22.63,-0.36,0.10,-0.92
-14.26,11.51,24.66,-0.21,-0.21,-0.95
-12.92,12.51,25.61,-0.21,-0.13,-0.97
-6.54,5.40,25.18,-0.36,0.28,-0.89
-2.84,0.77,24.87,0.03,1.00,-0.05
-4.57,-1.71,23.01,-0.08,-0.00,-1.00
-2.67,-1.29,24.33,-0.05,0.14,-0.99
-2.33,0.33,24.74,-0.45,0.56,-0.69
-1.00,1.49,25.81,0.18,0.35,-0.92
0.52,1.83,26.01,-0.46,0.19,-0.87
2.36,1.70,25.78,0.12,-0.30,-0.94
1.55,-0.61,24.24,-0.37,0.14,-0.92
0.29,4.10,26.45,-0.30,0.62,-0.72
2.20,5.87,27.12,-0.21,0.21,-0.95
4.63,6.19,26.50,-0.24,0.19,-0.95
4.76,7.18,26.71,-0.32,-0.20,-0.92
7.58,5.15,24.76,0.03,0.24,-0.97
9.44,3.78,23.78,-0.44,0.17,-0.88
9.22,3.49,23.93,0.04,0.00,-1.00
10.19,3.67,24.30,0.10,0.09,-0.99
11.12,6.19,24.91,-0.12,0.66,-0.74
13.61,4.26,22.09,0.06,0.58,-0.81
13.84,9.01,23.78,0.34,0.01,-0.94
10.00,14.04,26.55,0.03,0.21,-0.98
10.36,13.39,24.77,0.00,0.40,-0.92
9.66,16.98,25.46,-0.04,0.09,-0.99
8.44,21.09,24.11,0.08,0.16,-0.98
5.80,23.22,24.46,0.03,-0.07,-1.00
4.46,24.18,25.51,-0.16,-0.19,-0.97
3.05,27.27,24.01,-0.03,0.02,-1.00
1.50,32.84,21.73,-0.18,-0.05,-0.98
-0.83,34.64,19.70,0.05,-0.28,-0.96
-5.04,32.73,20.12,-0.07,-0.19,-0.98
-8.25,31.87,21.36,0.02,-0.48,-0.88
-9.64,29.00,22.71,-0.10,-0.30,-0.95
-12.32,25.05,22.60,-0.11,-0.34,-0.93
-14.09,20.58,23.68,-0.30,-0.08,-0.95
-15.60,19.48,24.06,-0.15,-0.15,-0.98
-15.55,18.85,23.29,-0.07,0.14,-0.99
-18.10,17.86,22.53,-0.29,-0.04,-0.96
-16.85,15.21,22.96,-0.20,0.00,-0.98
-14.65,14.86,23.30,0.01,-0.02,-1.00
-14.70,14.15,23.54,-0.25,0.06,-0.97
-14.37,15.00,24.67,-0.25,-0.12,-0.96
-12.27,13.17,25.71,-0.08,0.17,-0.98
-8.19,16.60,25.83,-0.23,-0.61,-0.76
-8.08,15.75,25.89,0.23,-0.52,-0.82
-6.84,15.53,26.46,-0.12,0.20,-0.97
-6.80,11.24,26.73,0.08,-0.30,-0.95
-4.25,8.67,27.48,-0.36,0.38,-0.86
-1.70,3.48,26.73,-0.08,-0.37,-0.92
0.35,2.54,25.81,-0.15,0.08,-0.98
1.50,0.42,23.34,-0.31,0.20,-0.93
0.04,2.88,25.73,-0.55,-0.24,-0.80
-0.82,6.29,25.62,-0.17,0.07,-0.98
2.25,4.13,25.92,-0.44,0.15,-0.88
2.28,5.46,25.78,-0.00,-0.24,-0.97
3.19,3.39,25.29,-0.46,0.00,-0.89
3.25,5.38,27.39,-0.30,0.07,-0.95
3.47,8.12,26.86,-0.20,0.21,-0.96
2.88,5.63,26.01,-0.11,0.39,-0.91
2.92,4.64,24.68,-0.20,0.33,-0.92
3.60,1.53,24.69,-0.23,0.52,-0.82
4.57,1.77,24.01,-0.31,0.25,-0.92
4.19,3.26,24.82,-0.16,0.06,-0.98
5.07,5.94,26.49,-0.22,0.39,-0.89
5.81,14.66,27.10,-0.36,0.29,-0.89
6.70,20.10,26.15,-0.25,-0.33,-0.91
7.36,22.20,25.00,-0.15,-0.38,-0.91
6.08,24.28,25.87,-0.03,-0.02,-1.00
4.61,27.27,24.51,-0.36,0.38,-0.85
5.65,24.46,24.93,-0.07,-0.13,-0.99
5.25,24.79,25.52,0.03,0.07,-1.00
4.86,24.77,24.48,-0.12,-0.23,-0.96
4.06,26.25,24.12,-0.04,0.22,-0.97
0.71,28.09,24.23,-0.15,-0.28,-0.95
-1.15,30.22,22.94,-0.08,-0.34,-0.94
-1.16,33.90,20.42,-0.10,-0.02,-1.00
-3.12,34.92,18.75,-0.15,-0.35,-0.92
-2.58,37.41,18.23,0.08,-0.21,-0.97
-2.56,39.37,14.61,-0.13,-0.66,-0.74
-3.21,40.25,15.08,-0.18,-0.76,-0.63
-3.66,40.94,11.76,-0.05,-0.70,-0.71
-2.29,42.18,11.25,0.07,-0.55,-0.83
0.01,43.27,10.31,0.16,-0.68,-0.71
1.98,43.55,9.13,0.09,-0.63,-0.77
3.30,43.87,7.30,0.25,-0.68,-0.68
3.04,44.15,7.09,0.11,-0.84,-0.53
3.09,44.26,5.05,0.22,-0.69,-0.69
1.54,45.76,3.94,-0.00,-0.94,-0.33
-3.02,45.46,1.55,-0.10,-0.80,-0.59
-6.18,45.96,-1.79,-0.05,-0.88,-0.46
-7.48,45.40,-7.17,-0.35,-0.84,-0.42
-10.08,44.97,-9.58,-0.36,-0.92,-0.11
-13.21,42.81,-11.47,-0.60,-0.78,-0.17
-16.56,41.65,-10.71,-0.57,-0.82,-0.00
-18.92,41.19,-7.41,-0.67,-0.71,-0.19
-21.64,38.94,-7.70,-0.67,-0.74,-0.04
-23.02,37.02,-7.31,-0.66,-0.46,-0.59
-23.78,35.95,-5.04,-0.72,-0.69,-0.08
-25.37,34.38,-4.42,-0.93,-0.19,-0.31
-27.38,29.47,-2.93,-0.85,-0.41,-0.33
-28.72,27.06,-5.13,-0.92,-0.35,-0.19
-29.85,23.96,-7.80,-0.93,-0.05,-0.35
-30.69,18.42,-10.06,-0.99,-0.08,0.12
-27.66,9.52,-12.01,-0.97,0.24,0.08
-21.61,1.51,-15.45,-0.94,0.03,0.34
-14.61,-2.75,-17.87,-0.87,0.44,0.21
-7.87,-5.31,-18.16,-0.54,0.75,0.39
-1.77,-6.80,-18.98,-0.58,0.63,0.51
5.27,-7.70,-17.85,-0.11,0.79,0.61
11.15,-7.80,-15.43,-0.31,0.84,0.45
17.63,-6.16,-10.10,0.46,0.88,-0.11
19.57,-3.38,-9.63,0.25,0.93,0.29
21.25,-2.00,-8.91,0.45,0.70,0.55
23.73,-0.63,-9.48,0.33,0.90,0.27
24.85,0.74,-10.23,0.64,0.68,0.35
25.44,1.61,-11.82,0.25,0.73,0.63
26.89,4.98,-11.38,0.61,0.39,0.69
26.99,8.12,-10.30,0.73,0.60,0.32
28.86,12.73,-8.46,0.37,0.52,0.77
29.09,18.51,-2.69,0.98,0.12,0.13
28.75,21.03,1.39,0.86,-0.48,0.17
27.97,21.26,5.66,0.80,0.56,-0.20
25.89,25.38,9.70,0.84,0.02,0.55
18.14,31.58,13.75,0.66,-0.65,-0.37
13.61,34.46,14.99,0.66,-0.45,-0.60
12.07,37.22,15.10,0.73,-0.66,0.16
6.20,34.36,20.20,0.30,0.85,-0.43
-0.39,35.28,20.13,0.34,-0.63,-0.69
-10.30,40.10,14.38,-0.12,-0.65,-0.75
-19.67,39.16,12.33,-0.12,-0.85,-0.51
-24.44,36.00,9.33,-0.72,-0.50,-0.48
-29.75,30.80,2.56,-0.41,-0.60,-0.68
-32.47,26.32,-4.70,-0.86,-0.49,-0.16
-31.74,21.74,-9.24,-1.00,-0.08,-0.05
-28.03,18.04,-17.60,-0.99,-0.10,0.04
-21.56,15.91,-22.99,-0.84,0.24,0.49
-15.66,16.63,-27.77,-0.94,-0.08,0.33
-9.17,20.61,-29.92,-0.27,-0.09,0.96
-4.66,22.62,-30.90,-0.71,-0.19,0.68
2.37,22.45,-31.31,0.02,-0.37,0.93
9.40,19.27,-29.66,-0.18,-0.11,0.98
15.42,14.59,-27.78,0.31,0.33,0.89
17.27,11.44,-25.13,0.01,0.29,0.96
20.98,10.63,-22.56,0.45,-0.12,0.89
22.42,11.51,-20.46,0.41,0.17,0.90
25.28,14.94,-16.86,0.55,-0.26,0.79
27.40,17.35,-13.92,0.59,-0.13,0.80
27.06,20.02,-8.30,0.93,0.20,0.30
28.00,19.13,-7.42,0.63,-0.52,0.58
29.46,14.89,-3.39,0.97,0.01,0.25
28.83,13.75,-0.20,0.91,-0.30,0.28
27.22,11.21,5.73,0.99,-0.07,-0.16
26.57,7.64,7.87,0.86,-0.48,0.17
22.47,4.80,13.23,0.81,0.05,-0.58
20.29,4.37,16.09,0.73,0.08,-0.68
17.87,2.31,17.10,0.55,-0.46,-0.69
12.99,0.62,19.62,0.43,0.35,-0.83
11.69,2.99,21.20,0.62,-0.19,-0.76
9.29,4.93,23.75,0.43,0.15,-0.89
6.01,8.25,25.50,0.61,-0.36,-0.71
2.09,12.26,26.77,0.25,-0.20,-0.95
1.53,11.39,26.56,0.34,-0.17,-0.93
3.32,9.56,26.44,0.25,0.32,-0.91
4.69,9.08,25.50,0.32,-0.13,-0.94
3.77,10.17,26.32,-0.03,-0.29,-0.96
4.06,13.75,27.54,-0.34,-0.80,-0.50
-4.14,17.48,28.15,-0.15,-0.53,-0.83
-10.86,20.10,26.10,-0.27,-0.68,-0.68
-15.09,18.04,24.30,-0.66,-0.44,-0.60
-18.96,21.01,22.24,-0.39,0.27,-0.88
-19.18,21.36,21.41,-0.52,-0.49,-0.70
-18.21,19.04,22.14,-0.52,-0.45,-0.72
-14.87,18.42,22.96,-0.53,-0.03,-0.84
-13.82,15.77,25.57,-0.58,-0.56,-0.59
-17.43,10.95,24.07,-0.45,-0.40,-0.80
-17.43,10.10,22.77,-0.62,-0.15,-0.77
-21.46,7.96,18.97,-0.80,0.59,0.11
-23.63,4.14,13.42,-0.70,0.28,-0.66
-24.10,2.23,11.69,-0.98,0.17,-0.11
-22.92,-0.72,8.07,-0.80,0.56,-0.20
-21.67,-3.98,3.70,-0.99,0.10,-0.12
-20.73,-5.48,-0.66,-0.80,0.58,0.14
-17.86,-6.97,-5.47,-0.85,0.51,0.08
-12.54,-9.23,-11.02,-0.63,0.70,0.32
-6.07,-11.11,-13.17,-0.62,0.49,0.61
1.01,-10.18,-14.56,0.06,0.64,0.77
6.86,-8.63,-15.97,-0.04,0.65,0.76
12.49,-7.31,-15.15,0.08,0.65,0.76
17.22,-5.13,-14.51,0.18,0.71,0.68
21.14,-3.65,-11.06,0.51,0.59,0.62
23.79,-3.00,-6.54,0.44,0.33,0.83
25.26,-0.33,-3.17,0.62,0.67,0.40
25.89,2.82,2.27,0.91,0.22,0.33
26.68,5.07,4.81,0.89,0.44,0.12
25.84,9.11,5.94,0.98,-0.19,-0.03
25.17,8.67,7.74,0.99,-0.05,0.11
24.78,10.97,8.91,0.96,0.26,-0.04
26.29,10.52,7.18,0.99,0.11,-0.11
26.56,12.13,5.79,0.96,0.00,0.29
26.62,11.94,7.36,0.93,-0.33,-0.14
28.10,12.13,7.04,0.97,0.18,-0.16
28.50,12.61,6.32,0.96,-0.20,0.18
27.95,11.24,7.65,1.00,0.06,-0.06
28.22,8.72,5.77,0.93,-0.37,-0.02
27.40,10.71,7.36,0.98,-0.12,0.14
27.22,9.72,9.13,0.98,-0.00,-0.18
25.74,10.18,12.35,0.82,-0.49,-0.29
19.79,15.56,18.09,0.69,-0.09,-0.72
15.67,16.58,22.14,0.94,0.01,-0.34
15.25,15.58,23.14,0.17,-0.33,-0.93
7.68,13.85,26.11,0.04,-0.29,-0.95
2.45,9.62,27.09,0.10,-0.19,-0.98
-1.10,2.53,24.99,-0.15,-0.09,-0.98
-10.21,1.37,21.02,-0.33,0.10,-0.94
-17.29,6.10,20.87,-0.51,-0.06,-0.86
-21.40,3.48,14.70,-0.64,0.04,-0.77
-25.17,2.55,7.51,-0.88,0.23,-0.42
-26.83,3.16,2.75,-0.94,0.25,-0.20
-26.64,3.10,-6.03,-0.99,-0.09,0.04
-25.44,4.85,-12.39,-0.95,0.25,0.17
-19.35,2.81,-19.85,-0.89,-0.07,0.45
-13.56,4.06,-24.55,-0.72,0.10,0.68
-9.50,4.36,-27.76,-0.62,-0.00,0.79
-5.02,2.60,-28.71,-0.66,-0.12,0.75
-1.23,1.73,-28.45,-0.24,0.00,0.97
1.25,0.38,-27.83,-0.22,0.17,0.96
1.48,-1.53,-26.53,-0.21,0.12,0.97
3.97,-1.60,-26.56,0.44,0.17,0.88
5.47,-1.09,-26.82,-0.04,0.16,0.99
4.09,1.43,-27.43,0.12,0.31,0.94
1.70,5.82,-29.22,-0.46,-0.14,0.87
1.10,9.20,-30.75,0.28,-0.04,0.96
0.79,11.44,-30.19,0.19,-0.29,0.93
1.32,12.30,-30.62,0.27,-0.09,0.96
0.89,13.73,-30.58,0.25,-0.24,0.94
1.18,15.15,-30.93,0.15,-0.40,0.90
1.05,15.72,-30.85,0.33,-0.19,0.93
0.77,16.63,-31.65,0.24,-0.46,0.85
0.68,17.08,-30.43,0.36,-0.33,0.87
1.51,18.73,-30.16,0.28,-0.48,0.83
2.81,19.04,-30.37,0.44,-0.11,0.89
2.11,19.58,-30.98,0.58,-0.38,0.71
3.28,20.29,-30.15,0.24,-0.28,0.93
3.56,21.25,-30.46,0.43,-0.29,0.86
4.55,21.23,-30.29,0.37,-0.53,0.76
8.08,13.93,-30.19,0.51,-0.00,0.86
12.02,11.66,-27.67,0.71,-0.20,0.68
16.77,12.92,-26.09,0.64,-0.20,0.74
18.25,11.51,-25.83,0.74,-0.44,0.51
18.66,15.67,-23.63,0.88,-0.12,0.45
22.83,14.67,-20.47,0.88,-0.25,0.40
23.22,10.50,-19.30,0.95,-0.07,0.30
24.72,9.05,-15.89,0.95,0.03,0.30
27.39,8.76,-12.24,0.97,0.14,0.19
28.49,8.03,-11.08,0.95,-0.30,-0.09
30.19,5.91,-4.48,0.94,0.23,-0.26
29.47,2.62,0.70,0.89,0.22,-0.41
27.42,1.05,4.58,0.65,0.33,-0.69
25.56,-1.67,8.08,0.62,0.42,-0.66
23.24,-1.22,11.16,0.47,0.32,-0.83
20.00,-2.21,13.96,0.22,0.31,-0.93
17.20,-2.94,16.75,0.35,0.50,-0.79
16.22,-4.38,16.35,0.41,0.20,-0.89
15.81,-3.83,17.19,0.22,0.49,-0.84
11.82,-4.52,18.91,0.24,0.49,-0.84
7.64,-6.32,19.60,-0.19,0.45,-0.87
5.55,-7.21,19.97,-0.29,0.68,-0.67
3.50,-7.60,20.02,-0.37,0.42,-0.82
-1.06,-6.92,19.78,-0.38,0.48,-0.79
-3.37,-7.58,19.42,-0.75,0.50,-0.43
-7.84,-7.35,16.94,-0.73,0.29,-0.61
-13.46,-6.34,14.48,-0.68,0.58,-0.45
-20.08,-4.15,9.92,-0.87,0.37,-0.31
-22.83,-2.09,8.17,-0.64,0.50,-0.58
-20.57,-4.66,7.15,-0.99,-0.10,0.12
-23.39,-2.54,5.29,-0.82,0.50,-0.27
-24.28,-1.67,-0.12,-0.89,0.44,0.12
-24.84,-1.50,-2.28,-0.93,0.00,0.38
-25.63,0.67,-6.75,-0.96,0.17,0.24
-26.27,3.78,-11.12,-0.86,0.32,0.39
-23.80,5.08,-15.54,-0.57,-0.16,0.81
-22.01,7.64,-20.69,-0.61,0.33,0.72
-19.65,8.11,-22.85,-0.53,-0.27,0.80
-17.61,7.96,-23.62,-0.49,-0.02,0.87
-15.05,7.81,-25.38,-0.19,-0.30,0.94
-11.50,9.96,-28.17,-0.35,0.09,0.93
-6.69,10.10,-29.25,0.06,-0.52,0.85
-4.91,11.24,-29.83,0.18,0.13,0.97
-1.44,12.16,-30.68,0.28,-0.27,0.92
1.89,11.79,-29.32,0.41,-0.12,0.90
4.82,12.08,-30.77,0.40,-0.28,0.87
7.82,10.78,-28.22,0.52,0.01,0.85
11.79,9.18,-26.88,0.60,-0.31,0.74
16.56,7.85,-23.78,0.85,0.09,0.52
19.43,4.97,-20.37,0.88,0.06,0.47
22.12,5.87,-17.24,0.77,0.09,0.63
24.41,4.96,-14.14,0.95,0.26,0.14
26.40,5.86,-9.99,0.99,0.12,-0.09
27.28,6.91,-9.35,0.99,0.05,0.12
28.06,6.48,-7.09,0.97,0.15,-0.18
28.42,5.55,-2.80,0.97,0.11,-0.22
27.42,4.46,3.32,0.77,0.10,-0.64
26.29,2.58,4.80,0.81,0.31,-0.50
24.26,-0.76,7.39,0.68,0.34,-0.65
22.44,-1.42,8.80,0.46,0.41,-0.79
23.83,0.33,8.69,0.65,0.30,-0.70
24.46,-0.02,9.00,0.76,0.40,-0.51
22.00,-0.90,12.27,0.46,0.41,-0.79
21.42,0.74,13.78,0.43,0.39,-0.81
20.09,3.06,16.04,0.22,0.31,-0.92
18.73,5.62,20.19,0.22,0.13,-0.97
17.75,8.78,20.53,0.40,0.42,-0.82
15.27,11.27,23.39,-0.01,0.07,-1.00
13.53,11.30,23.84,0.19,0.21,-0.96
11.82,11.73,24.62,0.00,0.58,-0.82
10.36,12.57,25.26,0.03,0.27,-0.96
9.78,14.90,26.23,0.28,0.20,-0.94
6.68,17.91,25.72,-0.05,0.16,-0.99
5.53,21.06,26.95,-0.03,0.13,-0.99
4.98,24.98,25.18,0.02,-0.18,-0.98
5.66,26.97,24.60,-0.02,-0.05,-1.00
4.16,28.11,24.91,0.01,-0.06,-1.00
2.15,29.35,24.82,-0.02,-0.08,-1.00
-0.90,34.70,20.67,-0.07,-0.28,-0.96
-5.05,36.93,18.80,-0.13,-0.32,-0.94
-7.89,37.49,17.50,-0.14,-0.48,-0.87
-9.22,37.98,16.31,-0.08,-0.29,-0.95
-11.77,37.83,15.99,-0.18,-0.44,-0.88
-13.55,35.95,16.86,-0.26,-0.49,-0.83
-15.47,33.73,16.80,-0.28,-0.38,-0.88
-17.44,32.98,16.59,-0.36,-0.57,-0.74
-18.88,30.83,17.36,-0.30,-0.45,-0.84
-19.70,29.21,18.32,-0.35,-0.30,-0.89
-20.52,27.75,16.24,-0.36,-0.21,-0.91
-21.68,25.85,16.85,-0.45,-0.30,-0.84
-21.91,25.48,18.12,-0.44,-0.36,-0.82
-21.89,23.46,19.01,-0.34,-0.44,-0.83
-21.28,22.77,19.10,-0.54,-0.31,-0.78
-20.23,22.17,21.03,-0.16,-0.60,-0.78
-20.04,18.33,21.24,-0.43,-0.41,-0.80
-18.55,15.84,23.29,-0.44,-0.38,-0.81
-17.19,11.32,23.63,-0.40,-0.10,-0.91
-13.83,8.25,24.28,-0.54,0.02,-0.84
-8.23,3.45,24.10,-0.27,-0.05,-0.96
-2.16,1.89,25.20,-0.21,0.18,-0.96
2.37,-0.65,24.27,-0.23,0.17,-0.96
6.02,-0.38,22.89,-0.13,0.24,-0.96
7.82,-1.78,22.95,-0.09,0.33,-0.94
10.34,-1.56,22.05,0.08,0.52,-0.85
13.05,-0.22,22.56,-0.17,0.52,-0.83
15.19,-1.35,18.82,0.20,0.26,-0.94
17.61,2.25,19.45,0.48,0.43,-0.76
19.02,5.38,19.26,0.16,0.34,-0.92
21.20,8.73,17.72,0.17,0.49,-0.86
23.71,10.07,15.19,0.72,0.29,-0.63
24.84,12.85,14.27,0.52,0.53,-0.67
24.82,17.21,14.51,0.83,0.11,-0.54
23.46,19.89,14.60,0.61,0.27,-0.74
22.13,22.01,16.24,0.67,0.20,-0.71
19.04,27.11,17.35,0.63,-0.23,-0.74
14.00,30.22,19.64,0.55,-0.07,-0.83
9.97,33.51,18.87,0.21,-0.06,-0.98
7.32,33.52,20.97,0.29,-0.21,-0.93
3.66,35.30,19.86,0.32,-0.37,-0.87
-0.39,36.25,20.06,0.13,-0.41,-0.90
-2.83,36.02,19.87,0.07,-0.46,-0.88
-4.27,37.10,18.21,-0.05,-0.42,-0.91
-5.91,36.88,18.80,0.00,-0.38,-0.92
-7.69,39.14,16.06,-0.24,-0.42,-0.87
-10.06,39.97,14.39,-0.30,-0.50,-0.81
-7.86,42.20,13.45,-0.45,-0.42,-0.79
-8.01,43.82,11.66,-0.06,-0.63,-0.77
-6.40,45.67,5.64,-0.05,-0.72,-0.70
-7.07,47.27,1.84,-0.02,-0.88,-0.48
-7.17,47.06,-2.03,-0.02,-0.95,-0.30
-7.91,45.90,-3.08,-0.13,-0.91,-0.39
-8.63,46.34,-5.08,-0.12,-0.96,-0.25
-9.51,45.83,-5.73,-0.17,-0.97,-0.17
-11.07,45.09,-7.60,-0.18,-0.96,-0.19
-11.39,44.01,-10.60,-0.23,-0.96,-0.13
-12.90,42.85,-12.98,-0.27,-0.96,0.05
-12.96,43.24,-12.49,-0.23,-0.97,0.08
-10.97,42.85,-12.46,-0.25,-0.97,-0.01
-9.24,43.98,-12.35,-0.09,-0.97,0.20
-7.82,43.74,-13.79,-0.18,-0.87,-0.45
-8.72,41.75,-16.59,-0.09,-0.97,0.22
-9.53,40.69,-18.29,-0.07,-1.00,-0.06
-11.95,40.25,-18.18,-0.17,-0.83,0.54
-12.55,37.98,-18.87,-0.07,-0.99,0.13
-16.16,38.55,-16.88,-0.38,-0.84,0.38
-18.63,39.23,-11.25,-0.20,-0.86,0.46
-20.35,39.97,-7.78,-0.38,-0.92,0.12
-21.75,39.84,-4.58,-0.41,-0.88,-0.22
-23.75,38.75,-1.51,-0.50,-0.86,0.00
-24.44,36.49,2.62,-0.48,-0.87,-0.15
-24.98,34.14,5.94,-0.43,-0.90,-0.07
-24.93,31.69,9.45,-0.35,-0.77,-0.54
-23.34,29.13,13.99,-0.60,-0.64,-0.47
-21.91,27.98,15.21,-0.33,-0.74,-0.58
-19.54,26.09,18.10,-0.66,-0.37,-0.65
-19.49,25.11,19.32,-0.27,-0.70,-0.66
-18.36,25.26,19.35,-0.68,-0.69,-0.26
-18.27,28.55,17.27,-0.32,-0.81,-0.48
-18.10,30.44,17.60,-0.65,-0.75,-0.13
-17.54,32.08,15.54,-0.39,-0.83,-0.39
-16.78,34.29,15.08,-0.51,-0.77,-0.38
-16.70,33.92,16.78,-0.58,-0.70,-0.41
-13.40,32.95,19.08,-0.52,-0.79,-0.32
-12.35,31.41,20.40,-0.50,-0.66,-0.56
-7.96,30.91,22.27,-0.48,-0.78,-0.39
-5.42,32.13,21.87,-0.41,-0.60,-0.68
-3.31,32.47,23.22,-0.36,-0.68,-0.64
-1.27,33.33,22.09,-0.14,-0.61,-0.78
0.77,34.94,20.75,-0.20,-0.82,-0.53
1.68,34.83,20.01,-0.23,-0.72,-0.65
1.90,36.38,17.81,-0.22,-0.86,-0.45
3.66,37.39,17.07,-0.20,-0.74,-0.64
4.69,38.90,16.04,-0.29,-0.90,-0.34
5.54,40.75,12.72,-0.11,-0.69,-0.71
5.96,43.18,9.90,-0.23,-0.96,-0.15
6.87,43.79,8.22,-0.26,-0.76,-0.60
7.42,44.04,4.44,-0.16,-0.98,-0.09
8.09,44.49,0.99,-0.18,-0.88,-0.44
7.91,44.97,-0.63,-0.10,-0.99,-0.06
7.80,45.59,-4.60,-0.11,-0.94,-0.32
7.14,44.82,-5.52,-0.09,-0.97,0.25
7.73,44.41,-6.75,-0.04,-0.95,-0.31
6.14,45.20,-9.83,-0.15,-0.96,0.25
6.54,44.47,-11.41,-0.02,-0.99,-0.15
3.69,45.42,-9.83,-0.09,-0.99,-0.00
1.94,45.20,-10.79,-0.22,-0.96,-0.15
0.27,44.43,-11.36,0.24,-0.91,0.34
-0.74,44.02,-12.89,-0.26,-0.96,-0.04
-0.32,43.02,-17.32,-0.06,-0.94,0.34
-1.76,42.13,-17.25,-0.34,-0.92,0.21
-1.05,41.92,-18.58,-0.10,-0.96,0.27
-3.09,42.87,-16.88,-0.46,-0.88,0.11
-5.57,44.82,-14.29,-0.19,-0.94,-0.27
-12.21,45.09,-4.39,-0.47,-0.83,-0.30
-12.73,44.56,-3.78,-0.62,-0.78,0.11
-13.92,43.25,-6.68,-0.27,-0.91,-0.31
-12.22,43.96,-8.63,-0.55,-0.70,-0.45
-13.78,43.25,-7.18,-0.24,-0.95,0.22
-13.53,43.32,-8.39,-0.28,-0.89,-0.36
-14.77,42.36,-9.19,-0.23,-0.96,-0.17
-16.63,41.81,-9.57,-0.28,-0.90,0.34
-16.21,40.12,-12.32,-0.31,-0.90,-0.31
-16.94,41.05,-11.36,-0.26,-0.79,0.55
-17.16,39.45,-14.00,-0.33,-0.94,-0.08
-19.34,38.51,-13.78,-0.35,-0.76,0.54
-18.96,36.68,-16.67,-0.37,-0.89,0.26
-17.36,35.69,-19.80,-0.74,-0.58,-0.33
-15.63,33.33,-23.22,-0.40,-0.85,0.33
-14.32,31.05,-25.04,-0.35,-0.81,0.47
-11.52,27.84,-28.21,-0.30,-0.68,0.67
-10.38,23.74,-29.05,-0.19,-0.72,0.67
-9.89,17.08,-30.43,-0.23,-0.17,0.96
-9.47,12.30,-30.18,-0.08,-0.20,0.98
-8.37,10.35,-29.17,-0.20,-0.14,0.97
-8.78,7.75,-28.36,-0.06,0.08,0.99
-9.14,9.63,-28.82,-0.03,-0.09,1.00
-10.66,10.21,-29.31,-0.15,0.06,0.99
-11.15,8.47,-28.31,0.01,-0.20,0.98
-12.40,8.22,-27.94,-0.08,0.14,0.99
-14.05,8.24,-25.96,-0.24,-0.13,0.96
-16.05,9.36,-25.01,-0.22,0.22,0.95
-19.65,11.16,-24.73,-0.15,0.04,0.99
-22.28,11.99,-22.73,-0.23,0.17,0.96
-24.49,14.12,-20.25,-0.48,-0.01,0.88
-25.84,16.56,-20.35,-0.62,0.14,0.77
-25.83,18.84,-20.35,-0.33,-0.07,0.94
-24.27,19.01,-22.52,-0.66,0.11,0.74
-21.50,19.31,-24.77,-0.22,-0.14,0.96
-18.14,19.91,-26.09,-0.33,0.29,0.90
-7.98,23.36,-31.10,0.35,-0.25,0.90
-3.75,24.56,-30.91,0.07,-0.01,1.00
-2.51,24.06,-30.54,0.36,-0.01,0.93
-3.25,24.33,-31.14,0.41,0.20,0.89
-5.22,25.88,-30.83,0.24,-0.04,0.97
-5.79,26.21,-30.11,0.38,0.06,0.92
-7.10,27.55,-30.08,-0.04,0.10,0.99
-8.73,28.93,-30.38,0.22,0.01,0.97
-9.84,30.30,-30.08,0.12,-0.04,0.99
-9.03,30.13,-28.48,-0.18,-0.16,0.97
-5.08,35.25,-26.12,0.22,0.80,0.55
-4.32,36.94,-24.83,0.16,-0.33,0.93
-3.89,36.49,-26.18,-0.11,-0.34,0.93
-2.95,35.82,-26.00,0.27,-0.03,0.96
-3.16,37.57,-24.19,-0.12,-0.40,0.91
-3.03,36.43,-25.31,0.02,-0.28,0.96
-4.02,35.68,-26.29,-0.12,-0.31,0.94
-4.09,34.81,-26.59,-0.23,-0.40,0.89
-4.05,33.12,-27.86,0.04,-0.06,1.00
-4.64,32.71,-27.88,0.00,-0.32,0.95
-4.66,32.54,-26.90,-0.09,-0.04,0.99
-4.68,32.51,-27.67,-0.14,-0.29,0.95
-3.23,31.27,-28.85,-0.22,-0.35,0.91
-3.47,31.95,-27.67,-0.10,-0.16,0.98
-2.65,34.35,-26.83,-0.29,-0.37,0.88
2.25,33.83,-27.14,-0.07,-0.25,0.96
5.54,33.37,-26.57,-0.22,-0.72,0.66
6.85,30.70,-27.05,-0.09,-0.30,0.95
9.23,27.06,-28.45,0.07,-0.02,1.00
10.21,26.66,-27.25,-0.05,-0.45,0.89
11.07,23.75,-27.37,0.03,-0.42,0.91
11.94,21.75,-28.52,0.26,0.28,0.93
11.28,19.46,-28.45,-0.00,-0.42,0.91
11.98,15.81,-28.25,0.25,0.22,0.94
10.75,14.28,-28.20,-0.00,-0.07,1.00
9.78,13.75,-28.44,-0.04,-0.05,1.00
10.47,12.34,-28.75,0.11,-0.13,0.98
9.86,12.07,-29.63,0.05,-0.16,0.99
9.12,10.78,-28.61,0.01,-0.03,1.00
9.40,10.90,-28.43,0.03,-0.16,0.99
8.08,11.29,-29.16,-0.02,-0.12,0.99
8.35,10.52,-27.93,0.06,-0.38,0.92
7.29,11.24,-28.74,0.34,0.42,0.84
8.91,11.32,-29.06,0.14,-0.59,0.79
9.18,12.33,-28.71,0.14,-0.69,0.71
6.67,12.10,-29.20,0.27,0.38,0.88
4.44,10.02,-29.33,0.11,-0.35,0.93
1.83,7.13,-29.36,-0.00,0.47,0.88
0.50,6.64,-29.79,-0.03,-0.30,0.95
-0.50,6.07,-28.74,0.02,0.30,0.95
-0.89,5.20,-27.48,-0.09,-0.30,0.95
-1.70,6.32,-28.56,0.07,0.05,0.99
-1.46,5.90,-29.55,-0.09,-0.22,0.97
-2.55,7.21,-28.91,0.08,0.07,0.99
-2.78,7.46,-28.37,-0.04,-0.17,0.98
-2.87,8.01,-28.83,0.10,-0.13,0.99
-3.45,8.40,-28.99,-0.02,0.00,1.00
-5.46,9.03,-29.36,-0.02,-0.12,0.99
-7.54,6.90,-27.61,-0.08,-0.07,0.99
-9.70,6.92,-27.48,-0.10,0.06,0.99
-11.01,6.97,-26.92,-0.25,0.05,0.97
-13.29,6.43,-25.21,-0.16,0.10,0.98
-15.66,7.10,-24.63,-0.30,0.05,0.95
-18.79,9.38,-23.49,-0.26,0.17,0.95
-21.07,12.16,-22.13,-0.49,-0.08,0.87
-22.89,13.65,-21.91,-0.35,0.11,0.93
-22.92,15.58,-23.23,-0.38,0.08,0.92
-23.08,16.94,-21.84,-0.34,0.11,0.93
-23.72,16.80,-22.46,-0.44,0.11,0.89
-23.52,14.87,-20.85,-0.40,0.15,0.90
-24.66,11.89,-19.80,-0.50,0.01,0.86
-25.96,11.27,-16.88,-0.52,0.40,0.76
-27.21,9.84,-14.44,-0.44,0.30,0.85
-27.47,8.47,-13.60,-0.71,0.46,0.53
-26.89,6.23,-12.57,-0.45,0.43,0.78
-27.47,5.73,-9.58,-0.73,0.48,0.48
-29.14,6.91,-7.64,-0.61,0.61,0.50
-29.05,5.93,-2.43,-0.78,0.53,0.33
-29.59,6.80,2.19,-0.73,0.65,0.20
-28.69,6.70,3.45,-0.84,0.54,0.08
-27.16,6.79,7.47,-0.69,0.73,0.03
-25.00,8.53,12.59,-0.58,0.77,-0.26
-21.28,16.15,18.84,-0.67,-0.47,-0.57
-20.24,26.07,20.02,-0.42,0.35,-0.83
-16.02,27.61,21.39,-0.48,-0.17,-0.86
-11.02,33.90,20.74,-0.31,-0.10,-0.94
-7.96,36.66,17.47,-0.19,-0.49,-0.85
-5.66,38.57,16.66,-0.14,-0.26,-0.96
-5.55,41.36,14.17,-0.09,-0.57,-0.82
-4.38,42.35,13.85,-0.04,-0.55,-0.83
-3.55,42.83,13.89,-0.01,-0.61,-0.79
-2.47,42.36,15.14,0.07,-0.54,-0.84
-1.37,41.21,15.61,0.10,-0.48,-0.87
1.78,40.15,17.43,0.08,-0.53,-0.84
4.33,38.83,17.35,0.20,-0.37,-0.91
6.91,37.27,17.55,0.20,-0.49,-0.85
9.44,36.01,17.41,0.23,-0.20,-0.95
11.61,34.23,17.40,0.26,-0.45,-0.85
13.83,32.46,17.83,0.32,-0.25,-0.91
15.59,30.40,18.48,0.40,-0.27,-0.88
17.65,27.01,18.82,0.41,-0.21,-0.89
18.63,24.32,18.48,0.33,-0.09,-0.94
20.04,22.20,17.93,0.46,-0.18,-0.87
20.89,19.02,17.50,0.37,-0.02,-0.93
21.73,16.74,18.36,0.41,-0.11,-0.90
22.08,14.32,17.33,0.44,-0.05,-0.90
20.73,12.37,18.92,0.33,0.30,-0.90
20.42,10.52,19.09,0.40,0.12,-0.91
19.20,8.51,18.74,0.25,0.15,-0.95
18.32,5.46,19.89,0.29,0.16,-0.94
18.35,3.64,18.08,0.28,0.51,-0.81
17.24,1.48,16.98,0.26,0.33,-0.91
16.50,-1.12,16.89,0.19,0.36,-0.91
17.19,-2.48,14.15,0.27,0.45,-0.85
17.50,-3.67,14.43,0.32,0.33,-0.89
16.74,-5.99,11.46,0.27,0.58,-0.77
14.31,-7.60,9.90,0.35,0.54,-0.76
11.08,-8.95,10.34,0.11,0.65,-0.76
8.78,-8.44,10.44,0.14,0.61,-0.78
9.38,-10.58,7.91,0.20,0.70,-0.69
11.36,-10.69,3.37,0.29,0.75,-0.60
14.67,-8.30,0.83,0.40,0.77,-0.50
18.05,-6.65,-3.96,0.76,0.65,0.00
20.21,-3.69,-7.20,0.81,0.56,-0.18
22.58,0.27,-10.56,0.85,0.52,-0.09
23.03,4.10,-13.71,0.89,0.45,0.07
24.01,9.84,-16.47,0.86,0.50,0.11
23.52,17.94,-18.25,0.98,-0.01,0.21
21.98,22.45,-20.20,0.93,-0.16,0.33
19.74,27.50,-19.71,0.91,-0.37,0.17
15.58,33.64,-19.10,0.39,-0.84,0.38
10.80,36.93,-20.54,0.53,-0.78,0.33
5.66,40.26,-20.07,0.34,-0.85,0.40
1.56,42.35,-18.87,0.30,-0.95,0.10
-1.56,43.96,-17.27,0.17,-0.97,0.16
-3.47,43.73,-16.41,0.16,-0.98,0.07
-6.58,44.74,-14.23,-0.01,-0.99,0.10
-9.69,43.99,-13.50,-0.04,-1.00,0.07
-11.57,42.64,-17.02,0.13,-0.96,0.23
-12.00,40.49,-18.13,-0.28,-0.92,0.27
-11.71,36.04,-22.90,-0.29,-0.89,0.35
-11.43,31.52,-26.15,-0.25,-0.75,0.61
-10.52,26.79,-27.81,-0.28,-0.65,0.70
-4.64,17.46,-30.08,-0.15,-0.80,0.57
-3.28,13.07,-29.64,0.01,-0.21,0.98
-1.04,9.58,-29.90,0.01,-0.10,0.99
-1.40,9.51,-29.75,-0.01,-0.10,0.99
-2.71,9.55,-29.76,-0.08,-0.12,0.99
-3.72,12.81,-30.29,-0.12,-0.26,0.96
-6.92,14.94,-30.26,-0.16,-0.18,0.97
-10.73,11.73,-29.11,-0.21,-0.25,0.94
-14.05,12.85,-27.34,-0.29,-0.19,0.94
-15.64,10.68,-25.52,-0.50,-0.24,0.83
-19.17,7.57,-22.07,-0.56,-0.06,0.83
-21.97,5.54,-17.99,-0.76,-0.62,-0.19
-26.35,5.43,-10.68,-0.83,0.18,0.53
-29.06,8.08,-5.65,-0.89,0.07,0.45
-29.99,11.73,1.37,-0.98,0.11,0.19
-29.39,15.01,8.40,-1.00,-0.08,0.01
-26.14,16.96,15.03,-0.99,-0.03,-0.08
-22.75,16.85,19.29,-0.91,-0.10,-0.39
-16.99,13.16,23.62,-0.74,-0.12,-0.66
-12.49,10.13,25.01,-0.70,0.01,-0.72
-6.27,5.82,24.50,-0.47,-0.01,-0.88
-0.99,3.89,24.74,-0.46,0.20,-0.87
3.49,3.33,23.90,-0.14,0.22,-0.96
7.14,2.12,23.45,-0.21,0.41,-0.88
10.36,3.12,22.16,-0.21,0.33,-0.92
13.06,6.15,22.40,-0.01,0.18,-0.98
15.06,8.51,21.53,0.04,0.35,-0.94
17.98,9.19,19.84,0.33,-0.12,-0.93
20.97,8.33,16.82,0.35,0.37,-0.86
23.73,7.78,12.85,0.38,0.18,-0.90
26.42,8.12,10.34,0.66,0.45,-0.61
27.93,8.50,6.18,0.90,0.19,-0.39
28.48,8.07,4.03,0.61,-0.08,-0.79
28.96,4.80,-0.70,0.74,0.64,-0.22
27.76,7.69,-1.59,0.56,0.37,-0.74
27.92,7.59,-6.37,0.97,0.18,-0.15
27.77,6.97,-7.84,0.90,0.42,-0.07
28.11,8.57,-10.68,0.81,0.42,-0.42
26.31,10.93,-15.16,0.91,0.40,0.06
24.08,13.43,-17.91,0.84,0.15,0.52
21.80,16.71,-21.75,0.92,0.39,0.08
17.22,20.00,-23.65,0.83,0.01,0.55
14.05,22.71,-26.15,0.94,-0.12,0.33
10.10,23.96,-28.54,0.74,-0.05,0.68
5.18,26.03,-28.98,0.82,-0.49,0.30
1.05,26.92,-30.53,0.21,-0.80,0.56
-1.14,24.66,-31.07,0.17,-0.24,0.95
-6.65,23.89,-31.08,0.26,-0.37,0.89
-11.79,23.84,-29.68,-0.39,-0.22,0.89
-14.12,23.05,-27.97,0.04,-0.27,0.96
-19.58,23.79,-25.89,-0.25,-0.16,0.96
-23.19,22.57,-23.50,-0.14,-0.12,0.98
-26.71,19.23,-20.17,-0.53,-0.15,0.84
-30.25,19.46,-14.32,-0.62,-0.21,0.75
-31.68,18.55,-8.48,-0.89,-0.12,0.43
-32.42,19.97,-2.83,-0.94,-0.07,0.32
-32.47,19.04,1.21,-0.94,-0.29,0.20
-32.28,20.59,4.44,-0.98,-0.16,-0.11
-30.40,16.65,8.00,-0.94,-0.33,-0.03
-28.26,14.22,12.13,-0.91,-0.09,-0.39
-25.42,13.18,16.64,-0.97,-0.03,-0.24
-22.62,15.31,18.40,-0.83,-0.06,-0.55
-22.11,19.04,19.40,-0.95,0.01,-0.30
-22.23,21.23,20.98,-0.80,-0.06,-0.60
-21.01,22.83,21.41,-0.93,-0.01,-0.37
-20.26,21.57,22.19,-0.63,-0.17,-0.76
-18.79,17.64,22.99,-0.88,0.35,-0.33
-17.94,12.27,22.95,-0.48,0.37,-0.79
-16.26,8.85,22.30,-0.83,0.43,-0.36
-13.23,3.82,21.28,-0.53,0.35,-0.77
-9.16,-2.27,17.16,-0.47,0.86,-0.22
-4.72,-7.06,16.61,-0.31,0.79,-0.53
-1.22,-9.33,14.32,-0.17,0.90,-0.41
4.47,-12.52,8.50,0.10,0.99,-0.04
10.91,-11.40,-3.15,0.37,0.82,0.43
15.44,-8.35,-7.75,0.52,0.74,0.43
20.57,-8.79,-2.83,0.50,0.78,0.37
21.92,-5.10,-0.90,0.80,0.51,0.31
24.33,-0.79,0.46,0.87,0.18,0.45
25.94,3.85,6.62,0.84,0.54,0.01
26.73,9.38,7.40,0.99,-0.07,0.14
26.78,14.15,7.93,0.95,-0.24,-0.20
26.98,17.75,8.00,0.92,-0.37,-0.16
25.52,21.85,8.45,0.78,-0.61,0.09
24.99,24.68,10.46,0.84,-0.47,-0.26
22.06,27.53,12.34,0.66,-0.73,-0.14
18.46,30.53,14.51,0.63,-0.71,-0.32
15.20,33.80,16.05,0.43,-0.88,-0.22
12.04,37.13,14.40,0.32,-0.84,-0.44
6.96,39.42,15.38,-0.04,-0.95,-0.31
1.54,40.75,16.43,-0.07,-0.95,-0.31
-2.45,40.93,16.20,-0.19,-0.88,-0.44
-7.06,40.76,15.84,-0.32,-0.82,-0.48
-11.05,39.14,16.60,-0.71,-0.62,-0.34
-14.69,35.28,19.08,-0.62,-0.68,-0.39
-16.30,31.30,20.72,-0.81,-0.34,-0.46
-17.38,26.54,21.20,-0.72,-0.48,-0.49
-17.02,21.66,22.58,-0.79,0.06,-0.61
-15.25,15.17,24.18,-0.68,0.18,-0.71
-11.90,12.49,25.52,-0.57,0.26,-0.78
-6.29,9.07,25.82,-0.43,0.29,-0.85
-0.16,6.91,25.81,-0.49,0.50,-0.71
5.94,6.95,26.04,-0.19,0.54,-0.82
11.44,7.30,23.02,-0.17,0.51,-0.84
15.47,8.68,22.19,0.26,0.60,-0.76
19.09,10.01,20.91,0.34,0.46,-0.82
21.30,12.61,18.37,0.48,0.27,-0.83
23.85,13.13,15.26,0.46,0.54,-0.70
25.57,17.64,12.93,0.64,0.18,-0.75
27.48,16.08,9.51,0.71,0.30,-0.63
28.41,17.61,4.66,0.87,0.34,-0.35
29.53,19.62,2.06,0.83,0.22,-0.51
29.32,20.91,-5.07,0.95,0.24,-0.20
27.17,24.23,-9.07,0.93,-0.37,0.08
25.57,25.22,-12.81,1.00,0.03,-0.06
24.23,26.93,-14.99,0.71,-0.63,0.32
22.36,27.23,-17.98,0.97,0.13,-0.19
19.87,26.54,-20.76,0.54,-0.62,0.57
18.65,25.05,-23.34,0.99,-0.12,-0.10
15.67,23.30,-26.66,0.56,-0.42,0.71
10.47,21.59,-28.76,0.51,-0.37,0.77
5.00,18.52,-30.36,0.41,-0.29,0.87
-1.12,16.00,-30.86,0.25,-0.44,0.86
-5.42,12.63,-30.35,0.34,0.35,0.87
-9.01,8.44,-28.83,0.25,0.34,0.90
-10.97,4.30,-24.67,-0.07,0.41,0.91
-10.10,-0.56,-21.75,-0.22,0.10,0.97
-9.00,-4.99,-18.10,-0.05,0.66,0.75
-4.80,-10.44,-11.88,-0.04,0.49,0.87
-1.23,-12.68,-6.48,0.17,0.83,0.52
2.10,-13.75,-4.02,0.01,0.73,0.68
7.39,-11.51,1.27,0.24,0.87,0.44
14.33,-9.01,6.30,0.46,0.88,0.08
19.60,-3.59,7.96,0.81,0.57,-0.09
21.04,-2.77,6.82,0.88,0.39,0.27
20.12,-3.96,4.00,0.51,-0.16,-0.84
19.96,-4.11,5.92,0.68,0.71,0.16
19.36,-5.37,5.79,0.66,0.75,0.03
20.02,-3.89,6.65,0.62,0.75,0.20
21.77,-2.60,6.53,0.88,0.46,0.08
22.66,-0.51,7.28,0.83,0.56,0.04
23.93,1.05,7.84,0.87,0.49,0.07
23.00,5.68,11.82,0.82,0.42,-0.39
23.91,7.98,13.98,0.87,0.41,-0.26
23.78,15.73,14.93,0.63,0.61,-0.48
24.98,24.82,9.97,0.99,0.09,-0.10
25.60,27.16,6.08,0.96,0.01,-0.29
24.76,31.04,-0.89,0.95,0.24,0.21
24.49,30.47,-5.44,0.93,0.05,-0.36
24.08,29.94,-12.28,0.88,0.06,0.47
25.17,24.21,-15.27,0.91,-0.39,0.13
24.50,19.81,-16.49,0.94,-0.02,0.33
24.62,14.79,-17.49,0.99,0.03,0.16
25.16,11.85,-16.06,0.93,0.07,0.36
25.07,8.76,-14.09,0.98,0.19,0.05
25.50,6.75,-12.67,0.99,0.12,0.10
26.20,6.25,-10.75,0.89,-0.40,-0.23
26.60,5.03,-8.22,0.82,0.56,-0.09
26.75,5.29,-7.19,0.98,0.17,-0.06
26.99,4.31,-4.26,0.76,0.65,-0.04
27.77,5.74,-2.27,0.94,-0.22,0.26
27.93,4.31,-0.11,0.99,-0.00,0.10
27.94,4.52,0.76,0.89,0.19,-0.41
27.55,4.52,2.12,1.00,-0.07,-0.07
26.38,4.54,3.41,0.88,0.04,-0.48
26.38,4.75,4.97,0.99,0.13,-0.11
26.44,5.74,6.40,0.98,0.01,-0.17
26.10,6.67,6.40,0.97,-0.24,0.06
25.72,4.72,6.53,0.94,0.15,-0.29
24.74,3.09,6.35,0.98,-0.18,-0.05
24.17,3.08,7.78,0.91,0.08,-0.40
22.50,1.05,7.19,0.98,0.13,0.12
20.56,-2.19,8.14,0.78,0.60,-0.16
19.54,-0.37,12.37,0.81,0.58,-0.04
20.14,1.59,14.32,0.86,0.39,-0.34
20.51,4.15,15.67,0.94,0.32,-0.12
21.55,5.98,15.63,0.82,0.35,-0.45
24.06,12.01,13.85,0.96,0.23,-0.13
25.66,18.62,12.11,0.98,-0.05,-0.17
25.49,20.79,11.49,0.99,-0.00,-0.10
26.37,22.23,10.17,1.00,-0.05,0.01
25.09,23.52,9.70,0.92,-0.38,-0.12
26.95,19.81,7.45,0.82,0.50,0.27
25.82,21.11,8.42,0.99,-0.01,-0.16
25.45,22.84,8.63,0.97,-0.20,-0.12
27.10,22.64,7.93,0.99,-0.15,-0.01
28.61,23.65,4.02,0.98,0.15,0.08
26.67,29.25,-0.10,0.77,-0.63,0.08
25.26,30.20,-6.19,0.61,-0.58,0.54
24.61,30.41,-9.95,0.26,0.93,-0.27
18.20,32.26,-19.20,0.30,-0.36,0.88
17.14,32.28,-20.00,0.93,-0.23,0.30
16.63,28.55,-23.63,0.49,-0.25,0.83
17.41,22.14,-26.27,0.82,0.29,0.49
16.80,17.16,-26.04,0.52,0.23,0.82
17.49,12.08,-25.55,0.58,0.81,-0.09
17.61,5.85,-23.56,0.61,0.35,0.70
19.18,-0.74,-18.74,0.67,0.74,0.03
19.93,-3.25,-16.44,0.45,0.87,0.22
21.28,-2.94,-13.54,0.69,0.68,-0.24
20.53,-5.25,-8.50,0.65,0.64,-0.41
19.03,-7.10,-6.40,0.64,0.73,-0.22
18.70,-8.46,-5.53,0.64,0.75,-0.12
18.36,-8.22,-3.69,0.78,0.62,-0.10
17.52,-9.34,-0.26,0.45,0.78,-0.43
18.10,-9.14,-0.57,0.65,0.49,-0.58
19.29,-8.20,-2.27,0.56,0.76,-0.33
20.84,-6.27,1.18,0.71,0.52,-0.48
19.70,-5.66,7.07,0.69,0.54,-0.49
18.36,-3.83,11.40,0.46,0.28,-0.84
16.54,-0.33,17.04,0.43,0.10,-0.90
11.90,8.90,23.77,0.22,0.04,-0.97
12.10,16.24,24.54,0.41,-0.42,-0.81
12.68,21.53,23.41,0.55,-0.45,-0.71
11.02,27.99,21.55,0.39,-0.45,-0.80
10.28,35.22,18.68,0.34,-0.90,-0.26
9.00,38.44,16.11,0.33,-0.84,-0.43
8.61,38.87,16.43,0.20,-0.97,-0.15
8.52,40.49,13.96,0.22,-0.94,-0.24
8.36,42.97,10.44,0.31,-0.92,-0.23
7.06,45.89,4.30,0.31,-0.91,0.28
7.46,46.04,1.97,0.12,-0.95,0.28
7.23,45.85,-0.65,0.23,-0.97,0.09
6.92,46.97,-3.88,0.30,-0.89,0.35
7.29,46.59,-4.79,0.24,-0.72,0.65
5.16,46.52,-5.83,0.18,-0.88,0.43
4.87,47.24,-6.51,0.08,-0.84,0.54
5.63,46.33,-8.30,0.20,-0.92,0.32
5.40,45.25,-14.10,0.07,-0.73,0.68
4.66,43.96,-17.14,0.14,-0.53,0.84
4.52,41.04,-19.24,0.09,-0.44,0.89
4.52,39.36,-22.41,-0.01,-0.48,0.87
5.15,38.21,-22.16,0.19,-0.53,0.83
5.97,38.13,-23.25,0.04,-0.44,0.89
7.19,36.08,-24.63,0.09,-0.35,0.93
8.06,34.14,-26.00,0.57,-0.29,0.77
7.07,30.16,-28.43,0.05,-0.24,0.97
7.43,23.32,-30.24,0.08,0.28,0.96
7.13,16.77,-31.76,0.18,0.21,0.96
7.65,10.02,-30.16,0.04,0.41,0.91
8.34,1.40,-27.33,-0.08,0.85,0.52
7.04,-2.19,-24.84,0.13,0.72,0.68
6.20,-4.26,-22.39,-0.08,0.90,0.42
5.47,-5.25,-22.44,0.07,0.87,0.48
4.65,-7.84,-20.51,-0.17,0.91,0.37
3.56,-10.51,-15.91,-0.08,1.00,0.01
3.28,-11.30,-14.66,-0.17,0.95,0.24
1.31,-12.79,-12.78,-0.38,0.92,0.03
1.53,-13.89,-8.00,-0.31,0.94,-0.17
1.99,-14.39,-3.80,-0.13,0.85,0.50
1.44,-14.15,0.06,-0.26,0.93,-0.26
2.22,-14.82,2.78,-0.26,0.88,-0.40
0.44,-13.54,6.05,-0.20,0.80,-0.57
1.04,-13.42,8.14,-0.15,0.86,-0.49
0.56,-13.01,10.23,-0.15,0.82,-0.56
1.78,-12.50,11.47,-0.31,0.72,-0.62
2.73,-10.97,12.90,-0.04,0.88,-0.47
1.34,-10.99,14.34,-0.25,0.72,-0.65
-1.26,-11.12,12.33,-0.22,0.78,-0.58
-2.22,-11.71,12.39,-0.50,0.74,-0.45
-2.69,-9.25,16.39,-0.34,0.62,-0.71
-4.10,-6.68,18.59,-0.40,0.54,-0.74
-4.58,-5.80,20.52,-0.40,0.52,-0.75
-7.03,-2.78,21.53,-0.60,0.50,-0.62
-8.23,0.63,22.83,-0.59,0.33,-0.74
-9.90,2.78,23.38,-0.58,0.16,-0.80
-11.84,5.00,23.93,-0.60,0.37,-0.71
-14.07,7.06,23.78,-0.54,0.10,-0.84
-15.88,10.73,24.55,-0.79,-0.04,-0.60
-16.99,15.52,25.82,-0.77,-0.02,-0.63
-17.19,21.30,24.37,-0.60,-0.16,-0.78
-16.70,24.88,23.50,-0.88,-0.33,-0.33
-18.02,28.45,20.56,-0.57,-0.45,-0.69
-18.46,29.81,20.83,-0.76,-0.63,-0.15
-18.01,29.50,20.76,-0.71,-0.55,-0.45
-19.45,29.25,20.34,-0.95,-0.16,-0.26
-19.96,27.65,20.94,-0.70,-0.17,-0.69
-19.82,22.18,21.56,-0.94,-0.33,0.03
-23.78,18.62,19.20,-0.83,0.04,-0.55
-24.69,13.78,17.92,-0.93,-0.08,-0.36
-25.55,7.42,14.79,-0.88,0.45,-0.15
-25.93,2.84,8.29,-0.81,0.56,-0.15
-24.19,-1.35,4.09,-0.92,0.39,-0.04
-23.82,-2.59,-1.70,-0.79,0.55,0.26
-21.00,-4.99,-3.65,-0.85,0.33,0.42
-20.57,-4.88,-6.40,-0.58,0.68,0.45
-18.71,-5.66,-7.41,-0.60,0.62,0.51
-17.70,-6.62,-8.02,-0.73,0.31,0.61
-16.65,-5.43,-11.33,-0.57,0.58,0.58
-15.43,-4.24,-15.23,-0.55,0.61,0.58
-14.38,-3.02,-17.31,-0.65,0.32,0.69
-13.70,-1.89,-19.15,-0.50,0.43,0.75
-13.48,0.02,-21.78,-0.53,0.27,0.80
-12.40,2.59,-23.18,-0.38,0.25,0.89
-11.61,4.54,-24.62,-0.39,0.09,0.92
-10.46,5.42,-25.95,-0.19,-0.00,0.98
-9.13,7.96,-28.37,-0.20,-0.03,0.98
-6.73,9.03,-29.72,-0.01,-0.29,0.96
-4.38,10.28,-29.90,-0.19,0.01,0.98
-1.09,9.58,-29.71,0.09,0.01,1.00
0.16,11.95,-30.29,-0.11,-0.07,0.99
1.54,16.28,-30.91,0.05,-0.43,0.90
2.53,15.98,-32.26,0.26,-0.39,0.88
1.44,13.10,-31.27,0.12,-0.21,0.97
1.07,11.82,-31.27,0.01,-0.06,1.00
-1.46,7.43,-29.11,0.02,-0.19,0.98
-5.07,3.30,-27.95,-0.02,0.21,0.98
-9.22,-1.42,-23.24,-0.24,0.13,0.96
-14.60,-3.37,-17.27,-0.31,0.45,0.84
-19.46,-3.16,-13.16,-0.69,0.58,0.42
-23.27,-0.99,-9.31,-0.48,0.49,0.73
-25.49,0.66,-6.20,-0.87,0.38,0.31
-27.44,2.49,-3.75,-0.78,0.43,0.46
-29.19,5.44,-1.59,-0.74,0.48,0.48
-29.65,6.16,0.27,-0.95,0.29,0.10
-29.75,8.79,5.07,-0.91,0.41,0.04
-29.71,9.28,6.24,-0.89,0.45,0.04
-29.10,9.78,9.00,-0.94,0.34,0.05
-28.75,10.47,9.92,-0.94,0.34,-0.04
-29.08,11.38,9.35,-0.91,0.40,0.14
-29.31,12.77,9.94,-0.94,0.15,-0.29
-29.25,15.59,10.55,-0.86,0.51,0.05
-29.21,15.04,10.93,-0.94,0.19,-0.28
-30.03,16.38,10.68,-0.91,0.32,-0.26
-30.82,18.43,9.78,-0.89,0.34,-0.28
-30.69,17.79,8.91,-0.93,0.26,-0.27
-30.79,18.70,9.18,-0.97,0.22,-0.06
-30.24,19.89,9.08,-0.98,0.11,-0.14
-30.62,22.31,8.11,-0.97,0.12,-0.22
-29.86,24.55,7.19,-0.96,0.28,-0.08
-30.62,27.16,5.41,-0.95,-0.08,-0.30
-30.59,29.21,3.54,-0.98,-0.03,-0.19
-30.46,31.53,1.83,-0.95,-0.10,-0.31
-29.91,33.11,-0.22,-0.96,-0.19,-0.18
-28.58,35.57,-1.87,-0.97,-0.14,-0.22
-27.70,36.62,-3.11,-1.00,0.01,-0.04
-25.13,39.23,-6.30,-0.88,-0.17,-0.43
-23.78,39.94,-6.45,-0.74,-0.60,0.31
-22.72,40.26,-9.51,-0.84,-0.51,-0.15
-23.66,39.65,-10.99,-0.73,-0.66,-0.15
-23.69,38.93,-11.07,-0.75,-0.60,0.27
-22.33,37.49,-14.07,-0.90,-0.40,-0.14
-21.63,36.34,-16.80,-0.64,-0.73,0.24
-20.00,33.67,-21.36,-0.65,-0.76,-0.03
-19.54,31.18,-23.34,-0.69,-0.11,0.72
-17.22,24.88,-26.25,-0.76,-0.59,0.26
-17.08,21.51,-27.54,-0.48,-0.29,0.83
-14.82,17.65,-28.97,-0.73,0.19,-0.65
-13.33,13.39,-28.97,-0.41,-0.17,0.90
-13.15,12.56,-27.84,-0.59,-0.25,0.77
-14.83,14.73,-28.66,-0.54,-0.16,0.82
-16.32,16.98,-27.97,-0.51,-0.02,0.86
-17.43,17.94,-27.87,-0.63,-0.24,0.74
-18.75,17.26,-27.37,-0.53,-0.18,0.83
-18.15,18.05,-29.11,-0.58,-0.25,0.77
-17.40,20.76,-28.22,-0.52,-0.27,0.81
-17.08,26.54,-29.36,-0.51,-0.42,0.75
-16.25,36.43,-23.43,-0.57,-0.64,0.51
-16.41,42.36,-18.68,-0.43,-0.89,0.16
-16.36,46.23,-10.44,-0.55,-0.83,-0.01
-16.52,46.92,-3.78,-0.53,-0.76,-0.37
-17.08,43.47,6.93,-0.57,-0.61,-0.55
-18.54,34.55,18.71,-0.76,-0.12,-0.64
-19.89,23.99,22.23,-0.60,0.03,-0.80
-20.68,20.20,21.08,-0.58,0.33,-0.74
-20.83,15.17,21.23,-0.67,0.52,-0.52
-20.89,10.38,19.82,-0.58,0.44,-0.69
-21.31,6.65,18.55,-0.73,0.64,-0.22
-20.12,1.38,14.58,-0.63,0.64,-0.44
-19.27,-2.77,9.51,-0.78,0.63,0.04
-19.75,-4.96,4.59,-0.48,0.88,0.04
-17.54,-7.31,-1.35,-0.95,0.27,0.13
-18.53,-6.45,-5.49,-0.59,0.71,0.39
-18.55,-5.52,-10.68,-0.87,0.23,0.43
-19.06,-3.42,-14.95,-0.72,0.50,0.49
-19.80,-2.08,-15.34,-0.89,0.01,0.46
-21.83,1.10,-15.61,-0.85,0.16,0.51
-23.03,4.26,-17.31,-0.78,0.30,0.55
-25.42,6.97,-16.37,-0.93,-0.33,-0.17
-28.15,11.57,-13.65,-0.53,0.46,0.71
-29.10,14.38,-14.42,-0.69,-0.71,-0.17
-30.09,20.17,-12.44,-0.94,-0.13,0.30
-31.18,24.89,-10.93,-0.62,-0.56,-0.55
-30.85,27.91,-4.65,-0.88,-0.47,0.07
-31.42,30.38,1.61,-0.70,-0.54,-0.47
-31.19,30.99,6.25,-0.76,-0.49,-0.43
-29.90,29.44,10.02,-0.70,-0.29,-0.65
-28.48,24.89,11.76,-0.60,-0.46,-0.66
-27.50,20.28,13.33,-0.66,-0.18,-0.73
-26.95,15.38,15.06,-0.47,-0.02,-0.88
-27.17,12.27,14.04,-0.62,0.21,-0.76
-26.46,8.14,11.49,-0.54,0.35,-0.76
-26.65,4.42,6.87,-0.70,0.52,-0.50
-26.20,2.16,3.36,-0.70,0.52,-0.49
-26.97,2.21,0.18,-0.65,0.74,-0.16
-26.04,0.85,1.04,-0.64,0.77,-0.07
-23.72,-1.31,-6.32,-0.64,0.75,0.16
-23.65,-0.33,-9.57,-0.52,0.69,0.51
-23.62,0.51,-13.43,-0.59,0.68,0.44
-22.07,0.45,-15.26,-0.48,0.60,0.64
-20.07,0.46,-17.04,-0.28,0.55,0.78
-17.88,0.66,-19.03,-0.28,0.53,0.80
-18.04,0.10,-20.02,-0.34,0.52,0.78
-17.76,-0.48,-19.52,-0.28,0.58,0.76
-18.14,1.11,-21.09,-0.23,0.56,0.79
-17.79,3.86,-22.51,-0.35,0.48,0.80
-18.29,5.69,-24.35,-0.25,0.58,0.77
-19.09,8.44,-25.51,-0.33,0.30,0.90
-19.32,13.53,-26.57,-0.32,0.02,0.95
-19.65,19.46,-26.10,-0.23,0.05,0.97
-20.53,26.56,-24.84,-0.34,-0.26,0.90
-21.72,32.52,-21.86,-0.27,-0.83,0.49
-23.07,38.26,-13.31,-0.38,-0.63,0.68
-23.51,39.58,-9.03,-0.41,-0.91,0.05
-24.38,39.40,-6.07,-0.42,-0.91,-0.02
-24.84,39.45,-4.57,-0.55,-0.81,0.22
-26.53,38.33,-2.81,-0.64,-0.75,-0.17
-27.59,37.22,-1.94,-0.54,-0.76,0.36
-27.83,35.62,-3.88,-0.54,-0.84,-0.04
-29.21,34.58,-3.47,-0.68,-0.66,0.32
-30.43,33.84,1.12,-0.54,-0.82,0.18
-29.49,32.57,6.99,-0.73,-0.66,-0.18
-29.47,28.41,9.68,-0.60,-0.56,-0.57
-29.88,23.21,13.00,-0.70,-0.39,-0.60
-30.09,17.16,13.98,-0.75,-0.25,-0.61
-29.79,12.52,11.98,-0.69,0.07,-0.72
-29.92,8.87,9.44,-0.62,0.38,-0.69
-29.26,4.82,6.07,-0.80,-0.10,-0.60
-29.27,3.99,4.15,-0.48,0.81,-0.34
-28.44,2.33,1.21,-0.76,0.06,-0.65
-28.92,2.81,-0.62,-0.75,0.63,-0.20
-29.08,3.53,-3.11,-0.92,0.23,-0.31
-28.52,3.80,-6.82,-0.52,0.76,-0.39
-28.81,4.39,-7.62,-0.91,0.24,0.33
-28.81,4.68,-9.53,-0.75,0.62,-0.24
-27.93,4.54,-9.63,-0.79,-0.11,0.60
-29.74,9.39,-12.04,-0.71,0.62,-0.33
-29.63,8.76,-11.13,-0.70,0.42,0.58
-27.00,2.09,-11.06,-0.94,-0.30,0.13
-26.18,1.88,-11.41,-0.90,0.14,-0.41
-27.42,2.29,-9.18,-0.82,0.54,0.17
-25.81,-1.21,-8.13,-0.96,0.27,-0.08
-25.06,-2.15,-5.33,-0.86,0.43,-0.26
-24.15,-3.56,-3.43,-0.98,-0.15,0.15
-25.24,-2.27,-0.15,-0.25,0.82,-0.51
-25.89,-1.82,0.79,-0.96,0.28,0.05
-26.37,-1.10,-2.65,-0.96,0.23,-0.14
-26.48,1.26,-7.96,-0.95,0.12,-0.28
-24.73,2.70,-14.65,-0.95,0.33,0.01
-26.34,10.66,-18.90,-0.84,-0.17,0.51
-25.61,21.40,-22.25,-0.97,-0.15,0.16
-23.91,24.41,-22.00,-0.89,-0.23,0.40
-23.77,26.95,-21.89,-0.90,-0.20,0.39
-23.79,26.37,-21.73,-0.94,-0.25,0.21
-25.57,24.26,-20.01,-0.90,-0.26,0.34
-27.14,21.24,-19.58,-0.95,-0.29,0.06
-31.04,17.15,-13.67,-0.87,0.07,0.49
-31.15,12.11,-9.55,-0.99,0.07,0.04
-30.75,9.31,-4.38,-0.99,0.12,0.05
-30.92,7.62,-0.78,-0.92,0.39,-0.09
-28.56,4.02,-5.25,-0.83,0.39,-0.39
-28.33,3.34,-5.83,-0.83,0.51,-0.22
-26.48,0.68,-6.73,-0.75,0.45,-0.48
-24.96,-0.84,-6.76,-0.83,0.55,-0.02
-24.30,-1.31,-9.34,-0.79,0.61,0.00
-21.91,-2.40,-14.09,-0.56,0.83,-0.01
-19.59,-1.97,-17.41,-0.79,0.59,0.18
-16.80,-0.93,-21.57,-0.04,0.79,0.61
-14.18,0.72,-24.79,-0.66,0.60,0.45
-13.01,2.04,-26.29,-0.32,0.68,0.66
-10.77,3.39,-27.01,-0.34,0.87,0.35
-10.69,3.32,-28.75,-0.07,0.62,0.78
-9.42,5.25,-29.09,-0.46,0.68,0.57
-8.92,5.38,-29.42,-0.26,0.58,0.77
-9.19,6.14,-30.55,-0.33,0.68,0.65
-9.42,5.58,-29.93,-0.38,0.55,0.75
-8.69,5.99,-30.04,-0.28,0.64,0.71
-8.62,5.93,-29.69,-0.24,0.62,0.75
-9.31,5.69,-29.49,-0.40,0.58,0.71
-10.39,5.57,-28.44,-0.32,0.58,0.75
-9.88,5.62,-29.14,-0.37,0.62,0.69
-10.30,5.55,-28.45,-0.33,0.81,0.48
-11.45,4.94,-28.12,-0.30,0.74,0.60
-11.43,5.58,-27.87,-0.40,0.72,0.57
-12.99,7.58,-28.31,-0.56,0.52,0.65
-14.27,13.45,-28.93,-0.44,0.38,0.81
-14.81,17.02,-29.98,-0.57,0.22,0.79
-15.43,22.53,-28.61,-0.69,-0.11,0.72
-14.99,27.66,-27.34,-0.16,0.31,0.93
-14.48,31.26,-27.10,-0.41,0.01,0.91
-14.62,33.80,-24.41,-0.49,-0.40,0.78
-15.71,37.19,-20.34,-0.38,-0.52,0.76
-18.27,39.87,-15.64,-0.48,-0.53,0.70
-20.02,41.26,-10.28,-0.40,-0.75,0.52
-21.18,41.03,-2.56,-0.54,-0.61,0.58
-23.33,38.85,2.12,-0.51,-0.86,-0.06
-23.28,35.99,8.70,-0.83,-0.45,0.33
-24.16,33.31,9.62,-0.59,-0.71,-0.38
-24.61,29.77,11.87,-0.85,-0.52,-0.07
-25.17,26.75,14.56,-0.77,-0.60,-0.20
-24.58,24.35,16.49,-0.76,-0.52,-0.39
-25.02,22.36,16.36,-0.80,-0.45,-0.38
-24.30,19.04,16.59,-0.85,-0.27,-0.45
-24.55,13.40,17.91,-0.79,-0.43,-0.45
-23.17,12.56,18.86,-0.61,-0.17,-0.77
-20.57,9.88,20.80,-0.48,0.07,-0.87
-17.68,7.59,22.01,-0.83,-0.03,-0.55
-15.78,3.60,20.86,-0.84,0.10,-0.53
-14.27,-0.10,20.01,-0.49,-0.18,-0.85
-12.27,-5.82,13.72,-0.66,0.63,-0.40
-9.62,-12.11,4.85,-0.42,0.89,-0.14
-7.69,-13.21,-6.45,-0.54,0.83,0.07
-4.24,-10.68,-13.32,-0.37,0.91,0.19
-2.59,-10.12,-16.63,-0.29,0.95,0.13
-1.38,-8.54,-19.32,-0.30,0.71,0.63
4.26,-5.79,-21.45,-0.49,0.64,0.59
4.41,-2.86,-24.17,-0.18,0.22,0.96
2.32,1.15,-27.94,-0.31,0.40,0.86
-1.43,6.40,-30.99,-0.36,0.08,0.93
-4.16,11.62,-32.75,-0.35,0.19,0.92
-6.64,16.15,-32.64,-0.64,-0.15,0.75
-9.74,20.42,-31.59,-0.78,-0.08,0.61
-14.49,25.38,-30.07,-0.64,-0.41,0.65
-17.69,31.09,-25.48,-0.90,-0.36,0.25
-21.67,34.44,-21.14,-0.51,-0.57,0.64
-23.17,35.40,-18.30,-0.92,-0.35,0.16
-23.35,35.63,-16.13,-0.86,-0.49,0.12
-24.43,38.09,-12.27,-0.69,-0.49,0.52
-25.06,38.46,-13.66,-0.84,-0.06,-0.53
-26.12,38.33,-11.77,-0.65,-0.57,0.50
-24.26,38.95,-14.00,-0.96,-0.26,-0.09
-25.17,37.82,-13.98,-0.73,-0.47,0.50
-24.58,36.99,-15.91,-0.99,-0.13,-0.08
-24.45,37.39,-17.31,-0.77,-0.57,0.30
-24.50,38.16,-15.94,-0.99,-0.10,0.06
-28.11,35.03,-14.55,-0.69,-0.57,0.44
-27.45,33.86,-17.88,-0.94,-0.32,-0.12
-26.37,35.46,-16.46,-0.78,-0.53,0.33
-25.38,38.33,-15.65,-0.94,-0.14,0.32
-23.85,41.16,-13.04,-0.90,-0.29,0.34
-21.90,43.92,-9.81,-0.68,-0.73,-0.04
-20.54,45.42,-9.95,-0.91,-0.11,-0.40
-19.97,46.25,-8.00,-0.62,-0.78,-0.03
-18.32,49.27,-3.64,-0.64,-0.75,-0.15
-16.91,47.83,7.13,-0.81,-0.50,-0.29
-16.47,38.78,17.55,-0.48,-0.49,-0.73
-14.49,33.70,22.39,-0.94,0.12,-0.30
-13.60,30.18,24.66,-0.53,-0.38,-0.76
-13.59,27.23,25.87,-0.70,0.08,-0.71
-13.88,21.24,26.82,-0.78,-0.13,-0.61
-15.38,13.27,25.33,-0.59,0.44,-0.68
-14.78,7.71,24.71,-0.57,0.29,-0.77
-14.65,5.97,24.85,-0.59,0.47,-0.66
-12.49,6.31,26.26,-0.63,0.57,-0.52
-8.80,5.88,26.31,-0.52,0.34,-0.78
-4.16,3.21,25.23,-0.36,0.65,-0.67
-0.60,-1.62,22.60,-0.34,0.70,-0.63
3.06,-2.76,21.92,-0.27,0.66,-0.70
7.25,-3.43,20.07,-0.14,0.90,-0.42
9.50,-3.96,19.35,0.09,0.55,-0.83
12.04,-3.12,17.98,0.46,0.82,-0.33
13.49,-1.98,17.81,0.36,0.73,-0.58
16.08,-1.64,17.22,0.26,0.91,-0.32
18.69,-1.01,15.64,0.41,0.79,-0.46
20.92,2.05,14.53,0.57,0.76,-0.29
21.37,2.86,14.40,0.76,0.61,-0.21
23.45,4.50,13.45,0.76,0.64,-0.14
23.25,5.21,13.12,0.81,0.51,-0.28
24.08,3.78,10.35,0.94,0.35,0.04
24.26,1.50,8.98,0.77,0.56,0.30
22.92,0.45,9.50,0.80,0.60,-0.04
22.39,-2.72,4.20,0.83,0.55,0.06
21.22,-4.85,-2.04,0.70,0.68,0.21
21.64,-4.43,-2.87,0.68,0.54,0.50
22.86,-3.65,-3.27,0.90,-0.12,0.42
21.07,-5.08,-7.68,0.50,0.74,0.45
21.22,-4.03,-10.75,0.73,0.08,0.68
19.69,-4.92,-11.21,0.55,0.68,0.49
19.43,-4.39,-12.73,0.71,0.31,0.63
19.98,-2.54,-12.98,0.84,0.05,0.54
19.20,-2.94,-15.28,0.60,0.39,0.70
19.65,-1.57,-15.23,0.82,0.07,0.56
18.58,-0.35,-17.88,0.81,0.07,0.58
18.43,3.27,-20.92,0.62,-0.07,0.78
18.16,6.74,-22.49,0.81,-0.12,0.57
18.59,8.65,-23.36,0.72,-0.18,0.67
17.86,14.89,-25.60,0.70,-0.10,0.71
17.68,19.27,-23.75,0.75,-0.58,0.32
17.41,23.11,-24.68,0.75,-0.28,0.60
16.91,27.84,-23.22,0.69,-0.68,0.23
14.44,33.83,-19.53,0.59,-0.75,0.31
13.33,38.13,-18.10,0.54,-0.82,0.19
10.46,42.83,-12.23,0.49,-0.85,0.15
9.14,44.92,-8.65,0.18,-0.96,-0.21
9.01,45.64,-2.61,0.66,-0.69,-0.30
6.85,45.45,2.39,0.17,-0.52,-0.84
7.04,44.47,7.21,0.72,-0.27,-0.63
5.51,43.38,9.80,0.32,-0.80,-0.50
6.24,42.76,11.01,0.55,-0.53,-0.64
5.66,41.50,13.12,0.53,-0.75,-0.40
6.60,40.70,14.44,0.57,-0.25,-0.79
8.20,37.55,17.31,0.57,-0.60,-0.56
10.08,32.31,18.84,0.71,-0.05,-0.70
9.86,22.62,23.33,0.41,-0.03,-0.91
13.23,15.72,22.55,0.80,0.04,-0.60
11.74,13.78,24.39,0.60,0.26,-0.75
13.54,8.89,22.77,0.85,0.28,-0.44
13.71,5.04,21.02,0.80,0.18,-0.57
14.73,1.26,19.03,0.82,0.19,-0.53
13.90,0.50,21.02,0.72,0.30,-0.63
14.44,0.07,18.47,0.64,0.13,-0.75
15.84,-1.00,17.50,0.72,0.45,-0.53
15.88,-2.77,14.81,0.69,0.66,-0.30
16.81,-2.29,14.04,0.87,0.13,-0.48
15.94,-4.55,13.68,0.72,0.56,-0.41
16.16,-5.88,10.51,0.68,0.41,-0.60
17.05,-6.65,7.81,0.82,0.35,-0.44
17.10,-7.35,6.74,0.71,0.50,-0.49
17.68,-9.13,4.47,0.86,0.26,-0.43
16.25,-9.08,5.33,0.69,0.52,-0.49
15.87,-7.89,7.54,0.68,0.63,-0.39
17.05,-7.85,6.58,0.77,0.38,-0.51
16.53,-8.63,5.55,0.70,0.38,-0.60
17.42,-8.79,-1.17,0.60,0.08,-0.80
16.26,-9.33,-4.70,0.77,0.64,-0.00
16.32,-8.67,-7.51,0.64,0.72,-0.26
16.66,-7.58,-10.33,0.69,0.72,0.01
17.21,-5.36,-13.84,0.76,0.65,0.04
18.64,-3.27,-16.97,0.71,0.67,0.22
19.91,0.66,-19.51,0.77,0.52,0.36
20.54,4.08,-21.30,0.76,0.48,0.42
20.32,10.02,-24.37,0.98,0.17,0.11
19.25,12.33,-24.91,0.81,0.28,0.52
18.60,11.69,-24.98,0.73,0.40,0.55
18.99,9.33,-24.93,0.74,0.57,0.35
18.90,5.83,-23.19,0.62,0.69,0.36
18.38,4.38,-22.06,0.71,0.61,0.35
17.81,2.72,-22.83,0.55,0.72,0.42
17.92,4.03,-23.23,0.71,0.64,0.29
18.48,4.68,-22.53,0.65,0.54,0.54
19.20,6.46,-23.65,0.45,0.63,0.63
21.48,9.31,-22.20,0.70,0.71,0.01
22.57,12.77,-23.27,0.60,0.48,0.64
23.30,14.28,-20.67,0.88,0.31,0.36
24.24,17.33,-20.31,0.82,0.19,0.54
24.66,18.15,-19.31,0.69,0.35,0.64
25.35,20.61,-17.13,0.73,0.05,0.68
26.83,21.86,-14.26,0.80,0.22,0.55
27.19,21.01,-12.39,0.71,-0.09,0.69
28.19,20.47,-11.23,0.81,-0.12,0.58
27.98,19.45,-11.74,0.71,-0.08,0.70
28.25,19.03,-10.80,0.84,0.12,0.52
28.41,19.73,-9.24,0.85,-0.15,0.50
28.44,18.75,-9.83,0.93,0.03,0.36
28.93,17.74,-10.00,0.60,-0.27,0.75
28.93,16.75,-9.51,0.94,-0.02,0.33
29.00,16.67,-9.77,0.94,-0.02,0.35
28.55,17.24,-9.59,0.83,-0.13,0.54
28.52,19.03,-7.84,0.85,-0.28,0.44
28.60,19.89,-7.59,0.84,-0.26,0.48
28.63,21.13,-7.52,0.82,-0.53,0.22
28.75,21.44,-6.40,0.80,-0.36,0.48
28.14,22.38,-6.97,0.77,-0.52,0.37
28.09,23.86,-6.43,0.71,-0.67,0.19
28.43,22.44,-5.63,0.96,0.16,0.21
28.12,23.77,-4.21,0.60,-0.78,0.14
28.45,22.13,-2.97,0.97,-0.22,0.10
28.05,23.03,-1.89,0.86,-0.50,0.09
27.98,21.30,0.35,0.93,-0.36,-0.12
28.02,20.80,2.00,0.85,-0.39,-0.36
28.89,17.61,2.28,0.89,-0.21,-0.41
29.08,17.65,3.05,0.82,-0.20,-0.54
29.63,16.17,4.47,0.82,-0.16,-0.55
29.22,16.25,3.76,0.83,-0.13,-0.54
29.26,17.99,5.04,0.63,-0.13,-0.76
29.68,16.78,3.37,0.89,-0.28,-0.37
29.46,16.72,5.09,0.59,0.23,-0.77
29.65,17.38,4.44,0.89,-0.08,-0.45
28.87,18.38,4.61,0.93,0.04,-0.35
28.47,17.44,6.09,0.73,0.16,-0.66
27.70,17.91,9.45,0.73,0.16,-0.67
27.31,17.81,8.56,0.78,-0.05,-0.62
27.26,15.45,10.60,0.66,0.47,-0.59
25.95,16.70,11.06,0.73,0.22,-0.64
26.06,19.38,11.24,0.70,0.25,-0.66
25.43,19.03,12.01,0.69,-0.12,-0.72
25.22,16.52,12.28,0.71,0.36,-0.60
24.54,14.05,13.09,0.65,0.38,-0.66
24.43,10.30,12.78,0.80,0.49,-0.34
24.34,6.69,12.08,0.63,0.68,-0.39
24.12,5.15,11.52,0.87,0.50,0.04
24.18,2.91,8.64,0.69,0.67,-0.29
24.79,-0.12,1.77,0.79,0.61,0.05
25.77,0.10,-2.15,0.73,0.52,0.44
26.05,0.52,-2.61,0.82,0.47,0.33
25.38,-0.21,-3.76,0.90,0.32,0.29
25.92,0.50,-4.97,0.79,0.50,0.34
26.11,1.66,-6.64,0.80,0.45,0.40
26.83,6.09,-8.86,0.57,-0.65,0.50
26.32,4.92,-9.39,0.85,-0.05,0.52
26.27,3.55,-8.24,0.93,0.36,0.08
25.49,1.94,-8.46,0.68,0.59,0.44
26.26,3.06,-8.85,0.89,-0.23,0.38
26.39,2.71,-9.36,0.83,0.37,0.42
25.96,3.74,-8.19,0.96,-0.00,0.28
25.51,3.37,-10.03,0.76,0.06,0.65
25.82,4.97,-11.23,0.91,-0.02,0.41
25.50,5.83,-12.85,0.82,-0.09,0.56
24.26,8.02,-15.83,0.91,-0.02,0.40
23.75,13.37,-17.87,0.93,-0.19,0.32
23.25,15.77,-18.99,0.90,-0.38,0.22
22.18,19.51,-18.95,0.87,-0.27,0.41
22.50,20.64,-20.12,0.83,-0.54,0.17
21.83,24.82,-19.62,0.88,-0.42,0.23
21.25,27.86,-17.99,0.85,-0.49,-0.17
20.30,30.36,-17.86,0.79,-0.49,0.38
19.43,33.23,-16.94,0.72,-0.61,0.34
18.42,34.69,-15.12,0.54,-0.83,0.11
18.70,36.62,-12.38,0.80,0.18,0.57
17.87,38.78,-8.85,0.81,-0.45,-0.37
17.10,40.30,-6.53,0.85,-0.50,0.12
17.41,40.25,-2.83,0.80,-0.43,-0.43
16.83,40.09,-1.90,0.85,-0.52,-0.02
16.50,40.20,0.81,0.71,-0.69,-0.09
16.72,40.01,1.51,0.78,-0.40,-0.48
16.06,40.14,6.19,0.81,-0.49,-0.30
15.53,37.26,10.99,0.82,-0.38,-0.43
15.38,32.95,16.09,0.70,-0.23,-0.68
16.85,27.08,18.59,0.82,-0.27,-0.50
16.20,23.13,20.24,0.89,-0.19,-0.41
16.24,17.46,22.14,0.76,0.06,-0.65
16.56,14.29,21.42,0.96,0.06,-0.28
17.27,13.61,20.80,0.74,0.15,-0.65
17.91,10.34,21.09,0.80,-0.28,-0.52
18.46,9.58,19.03,0.85,0.15,-0.51
18.77,5.38,18.64,0.70,0.35,-0.63
18.93,4.80,18.18,0.89,0.06,-0.45
19.40,1.84,16.35,0.88,0.19,-0.44
19.82,2.19,15.08,0.85,0.25,-0.46
19.41,3.36,16.82,0.88,0.25,-0.40
18.62,5.79,18.44,0.78,0.36,-0.51
18.38,14.67,19.79,0.94,0.01,-0.35
18.51,25.65,17.80,0.81,-0.36,-0.47
19.20,31.18,13.18,0.84,-0.41,-0.34
19.86,35.28,8.85,0.95,-0.28,-0.12
18.20,39.34,-3.06,0.77,-0.63,-0.10
17.38,37.72,-13.81,0.87,-0.49,0.09
17.98,33.35,-18.49,0.80,-0.58,0.15
19.13,30.08,-20.42,0.83,-0.29,0.47
18.05,25.52,-22.77,0.94,-0.12,0.33
18.66,16.55,-24.48,0.74,-0.21,0.64
17.46,9.42,-24.08,0.95,0.14,0.29
16.28,2.84,-21.44,0.77,0.28,0.58
16.86,-3.31,-16.94,0.78,0.60,0.17
18.49,-7.13,-8.20,0.84,0.31,0.45
20.51,-7.70,-2.50,0.67,0.59,0.44
20.48,-5.02,6.45,0.98,0.19,-0.07
19.92,-2.40,11.08,0.70,0.50,-0.51
21.73,0.13,13.44,0.92,0.36,-0.12
22.41,3.64,16.17,0.75,0.36,-0.55
22.30,10.00,18.42,0.89,0.35,0.28
19.53,19.29,20.39,0.53,-0.32,-0.78
19.92,21.75,19.84,0.70,-0.64,-0.32
18.91,24.88,18.07,0.62,-0.60,-0.49
17.21,26.50,19.26,0.76,-0.47,-0.45
17.88,27.03,18.91,0.71,-0.69,-0.12
16.55,28.26,19.29,0.85,-0.37,-0.37
15.33,32.64,16.97,0.65,-0.47,-0.59
14.90,35.39,15.60,0.53,-0.84,-0.12
11.77,40.05,11.56,0.77,-0.55,0.32
11.91,41.08,9.41,0.78,-0.56,-0.27
11.84,43.13,5.58,0.58,-0.79,-0.20
13.45,43.44,-3.80,0.73,-0.51,0.47
14.37,38.84,-15.36,0.81,-0.41,0.41
14.48,22.29,-26.99,0.55,-0.41,0.73
16.70,17.77,-25.83,0.96,-0.05,0.28
17.41,15.37,-25.92,0.74,0.15,0.66
18.88,10.60,-22.49,0.88,0.31,0.36
20.20,7.04,-21.41,0.90,0.19,0.38
20.18,1.23,-18.33,0.83,0.48,0.27
18.84,-2.44,-17.74,0.73,0.65,0.20
18.40,-5.62,-14.81,0.69,0.70,0.22
17.05,-7.45,-11.74,0.71,0.70,-0.08
18.95,-8.61,-8.67,0.53,0.73,0.43
18.93,-9.03,-5.27,0.55,0.68,-0.48
19.62,-8.98,-1.37,0.81,0.57,-0.07
17.21,-8.33,7.21,0.47,0.54,-0.70
17.00,-6.54,12.67,0.62,-0.00,-0.78
13.89,-0.55,20.07,0.29,0.69,-0.66
14.14,6.35,22.53,0.35,-0.01,-0.94
14.29,13.87,23.46,0.50,-0.28,-0.82
15.44,19.96,23.50,0.63,-0.68,-0.37
13.75,25.21,22.01,0.52,-0.45,-0.72
13.02,30.79,20.32,0.53,-0.64,-0.54
13.23,36.74,14.97,0.52,-0.80,-0.29
13.07,41.33,8.11,0.48,-0.87,-0.00
12.07,43.31,5.04,0.41,-0.91,0.03
11.65,44.64,-0.82,0.56,-0.83,0.04
10.28,45.31,-5.31,0.36,-0.84,0.41
9.89,45.26,-8.40,0.58,-0.59,0.56
10.18,44.60,-9.97,0.48,-0.84,0.25
13.43,43.09,-9.88,0.76,-0.53,0.37
13.46,42.19,-13.29,0.52,-0.41,0.75
12.99,39.95,-17.75,0.49,-0.56,0.67
12.54,38.32,-19.63,0.61,-0.50,0.62
9.75,34.29,-23.75,0.29,-0.36,0.88
10.17,31.81,-25.59,0.21,0.06,0.98
11.40,27.72,-28.63,0.64,0.01,0.77
12.50,23.78,-27.49,0.24,0.05,0.97
12.32,19.65,-28.85,0.56,0.13,0.82
12.87,15.75,-29.64,0.50,0.12,0.86
13.42,12.61,-28.64,0.48,0.40,0.78
14.34,8.79,-26.99,0.49,0.54,0.68
16.28,1.34,-23.66,0.54,0.60,0.59
16.17,-3.77,-18.37,0.59,0.77,0.23
16.22,-7.59,-14.16,0.44,0.90,0.00
15.65,-10.84,-6.32,0.57,0.81,-0.12
14.01,-12.18,-1.62,0.44,0.78,-0.45
14.22,-12.10,-1.15,0.55,0.83,0.00
14.39,-12.00,1.35,0.57,0.78,-0.26
15.01,-12.05,2.00,0.53,0.72,-0.44
15.03,-11.50,2.49,0.56,0.78,-0.28
15.58,-11.10,4.96,0.35,0.70,-0.63
15.08,-9.05,10.62,0.56,0.50,-0.66
12.61,-5.16,18.44,0.43,0.29,-0.86
11.74,0.61,21.81,0.37,0.35,-0.86
12.94,4.36,22.83,0.22,0.03,-0.98
14.88,5.69,22.35,0.36,0.13,-0.93
16.43,9.79,22.64,0.64,-0.12,-0.76
17.08,11.83,23.14,0.53,0.44,-0.72
17.24,16.22,22.56,0.54,-0.65,-0.53
17.15,19.73,22.60,0.54,-0.47,-0.70
16.76,27.21,19.32,0.47,-0.65,-0.59
16.72,30.75,17.99,0.57,-0.73,-0.36
16.72,31.29,17.64,0.55,-0.74,-0.39
16.69,32.24,16.99,0.39,-0.83,-0.40
18.55,34.44,12.85,0.60,-0.68,-0.42
19.43,36.79,6.62,0.59,-0.80,0.07
20.06,38.45,2.16,0.63,-0.77,0.11
20.26,39.37,-2.09,0.58,-0.73,0.35
19.81,39.81,-6.02,0.48,-0.79,0.39
19.71,38.57,-7.42,0.62,-0.65,0.44
20.35,38.04,-7.92,0.51,-0.65,0.56
21.26,36.50,-10.57,0.55,-0.40,0.73
21.63,36.12,-10.14,0.65,-0.64,0.41
23.46,34.14,-9.61,0.61,-0.23,0.76
24.26,32.08,-9.92,0.93,-0.30,0.24
25.84,29.88,-10.82,0.85,-0.13,0.51
26.49,27.95,-12.51,0.78,-0.21,0.58
26.95,24.17,-14.59,0.83,0.18,0.52
25.96,23.80,-17.50,0.59,-0.11,0.80
25.85,22.18,-18.75,0.74,0.17,0.65
26.94,21.35,-17.46,0.64,0.01,0.76
27.81,18.33,-16.78,0.80,0.22,0.55
28.30,15.67,-15.06,0.79,0.37,0.49
28.93,11.07,-12.87,0.75,0.56,0.36
29.28,9.96,-8.83,0.86,0.42,0.28
29.25,8.59,-7.85,0.86,-0.15,-0.49
29.79,6.37,-4.59,0.78,0.59,-0.19
29.57,5.75,-4.42,0.73,0.67,-0.11
29.57,5.74,-1.42,0.84,0.52,-0.12
28.22,5.31,3.28,0.57,0.72,-0.41
27.82,7.79,7.63,0.65,0.42,-0.63
27.78,10.57,9.85,0.76,0.21,-0.62
27.67,13.71,10.16,0.62,0.20,-0.76
27.15,16.80,10.19,0.77,-0.07,-0.63
27.60,18.59,10.78,0.70,-0.16,-0.69
27.38,20.30,8.79,0.65,-0.18,-0.73
28.42,22.18,3.86,0.81,-0.04,-0.59
28.61,24.18,-1.77,0.74,-0.61,-0.27
29.27,23.56,-3.52,0.75,-0.47,-0.47
28.39,23.66,-4.92,0.78,-0.56,-0.29
29.36,22.96,-5.62,0.71,-0.70,-0.06
28.34,21.45,-9.56,0.99,-0.02,-0.12
28.08,19.41,-12.78,0.77,-0.09,0.63
27.37,19.01,-14.07,0.82,-0.34,0.45
27.49,18.60,-15.05,0.83,-0.35,0.42
26.92,17.96,-15.14,0.78,-0.45,0.42
25.45,17.04,-17.77,0.66,-0.37,0.65
23.96,16.08,-19.67,0.55,-0.24,0.80
23.41,13.88,-20.68,0.81,-0.00,0.58
22.20,10.36,-19.53,0.60,-0.13,0.79
22.22,7.37,-19.06,0.72,0.10,0.69
21.63,4.32,-18.51,0.51,0.04,0.86
21.96,0.81,-15.95,0.48,0.24,0.84
20.51,-4.61,-12.85,0.46,0.84,0.29
19.51,-7.68,-6.58,0.64,0.42,0.64
19.17,-9.11,-0.46,0.41,0.86,0.30
17.20,-9.11,2.00,0.46,0.82,0.34
16.97,-8.50,5.98,0.59,0.80,0.11
18.09,-4.97,12.33,0.57,0.78,-0.26
18.82,-2.53,14.45,0.69,0.72,-0.08
19.31,-0.71,13.45,0.68,0.72,-0.17
19.02,1.04,15.45,0.73,0.53,-0.42
19.79,1.31,15.31,0.69,0.67,-0.29
19.58,4.65,17.54,0.67,0.59,-0.45
19.60,9.83,19.57,0.73,0.40,-0.55
18.42,13.24,19.62,0.56,0.46,-0.69
18.82,18.90,19.91,0.68,0.52,-0.52
17.72,25.81,17.93,0.71,0.11,-0.69
16.54,30.75,16.19,0.47,-0.21,-0.85
17.07,35.18,12.21,0.63,-0.31,-0.71
16.77,38.66,7.54,0.67,-0.45,-0.59
17.24,40.60,-1.04,0.80,-0.52,-0.29
16.76,41.02,-7.75,0.66,-0.74,-0.13
17.97,39.03,-10.73,0.70,-0.69,-0.19
18.71,35.93,-15.10,0.78,-0.62,0.04
18.64,35.23,-15.63,0.70,-0.68,0.20
19.46,35.57,-15.31,0.69,-0.72,-0.08
19.75,34.52,-15.37,0.84,-0.44,-0.30
19.36,34.50,-16.16,0.70,-0.65,0.29
19.54,32.37,-16.91,0.78,-0.63,0.03
20.43,27.49,-20.32,0.91,-0.36,0.21
20.48,23.50,-21.74,0.80,-0.48,0.35
19.01,18.09,-24.15,0.84,-0.31,0.45
18.32,15.76,-24.27,0.71,-0.02,0.70
19.25,13.64,-24.17,0.89,-0.41,0.20
18.40,10.17,-24.30,0.72,0.08,0.69
18.82,7.24,-22.99,0.86,-0.03,0.51
19.42,4.21,-22.07,0.83,0.17,0.53
18.80,-0.28,-18.71,0.92,0.16,0.36
19.56,-4.71,-14.78,0.78,0.43,0.46
17.75,-8.17,-9.58,0.72,0.54,0.43
17.19,-10.23,-2.03,0.76,0.65,-0.01
16.61,-6.09,11.94,0.73,0.63,-0.27
16.65,-3.87,14.26,0.74,0.54,-0.38
16.14,-3.58,15.58,0.78,0.54,-0.32
15.63,-1.76,16.53,0.73,0.55,-0.40
15.91,0.50,18.20,0.70,0.42,-0.58
15.26,2.95,19.59,0.62,0.49,-0.61
14.97,4.32,21.02,0.63,0.48,-0.61
16.55,7.09,21.07,0.89,-0.05,-0.45
16.13,8.72,22.52,0.83,0.15,-0.53
16.52,11.08,22.12,0.77,0.06,-0.63
16.49,13.46,22.69,0.86,0.13,-0.49
15.39,18.14,22.51,0.67,-0.01,-0.74
15.72,21.83,22.03,0.75,-0.08,-0.66
14.31,26.64,21.73,0.69,-0.21,-0.69
13.82,30.48,19.17,0.57,-0.18,-0.80
14.12,33.18,17.41,0.72,-0.39,-0.56
12.77,36.85,15.17,0.72,-0.47,-0.50
12.41,39.17,12.56,0.72,-0.68,-0.16
12.02,40.66,10.71,0.80,-0.52,-0.30
11.27,42.91,7.10,0.64,-0.76,-0.10
10.79,44.85,-0.27,0.73,-0.67,-0.10
10.96,44.80,-3.63,0.70,-0.70,0.12
10.18,43.64,-13.46,0.70,-0.66,0.28
10.79,39.03,-19.30,0.61,-0.63,0.48
11.79,36.36,-22.33,0.76,-0.49,0.43
11.45,32.42,-24.76,0.63,-0.23,0.74
11.63,29.20,-27.36,0.72,-0.24,0.65
11.43,25.72,-28.20,0.69,-0.21,0.69
11.68,21.73,-29.70,0.71,0.01,0.71
12.55,17.22,-29.72,0.63,-0.02,0.78
13.65,14.17,-28.32,0.79,0.11,0.60
14.97,9.28,-27.22,0.64,0.13,0.75
16.93,3.80,-24.10,0.64,0.72,0.27
17.69,0.52,-21.67,0.76,0.58,0.28
17.90,-3.54,-17.13,0.78,0.56,0.27
18.07,-6.58,-12.90,0.73,0.68,0.12
18.08,-7.48,-9.66,0.78,0.59,0.23
17.26,-9.90,-6.15,0.65,0.72,-0.25
17.10,-10.30,-4.88,0.71,0.70,-0.06
17.80,-11.17,-1.03,0.67,0.70,-0.25
17.87,-10.05,0.20,0.64,0.73,-0.24
19.54,-8.76,2.01,0.69,0.37,-0.61
20.14,-8.81,3.09,0.67,0.61,-0.41
20.21,-8.09,4.04,0.69,0.63,-0.36
19.87,-8.73,3.33,0.66,0.60,-0.44
19.42,-8.54,4.96,0.55,0.74,-0.39
19.21,-8.58,6.27,0.55,0.51,-0.66
18.97,-8.45,7.73,0.59,0.55,-0.59
18.64,-8.01,8.56,0.54,0.64,-0.55
18.99,-5.60,10.60,0.61,0.37,-0.70
15.38,-7.32,13.33,0.36,0.60,-0.71
13.79,-1.60,20.97,0.79,0.06,-0.61
10.36,13.92,25.99,0.06,-0.72,-0.69
11.41,15.30,26.31,0.38,-0.60,-0.71
11.71,16.89,26.16,0.32,-0.17,-0.93
12.99,20.23,25.38,0.52,-0.54,-0.67
13.60,22.58,23.75,0.53,-0.55,-0.65
12.74,26.71,24.01,0.45,-0.68,-0.59
13.05,29.90,21.58,0.51,-0.47,-0.72
14.37,33.34,18.41,0.41,-0.78,-0.46
14.55,38.06,13.76,0.48,-0.86,-0.17
13.51,41.55,8.72,0.23,-0.94,0.26
11.96,42.81,5.47,0.34,-0.94,0.08
12.49,44.31,0.89,0.42,-0.90,0.12
13.60,44.19,-2.49,0.49,-0.78,0.38
13.04,44.24,-6.18,0.60,-0.79,-0.07
14.04,42.37,-8.92,0.37,-0.76,0.53
15.00,41.66,-10.28,0.67,-0.54,0.51
14.21,41.88,-10.12,0.43,-0.76,0.48
15.50,41.43,-11.02,0.65,-0.28,0.70
15.93,40.89,-10.83,0.46,-0.76,0.45
16.11,39.79,-12.78,0.33,-0.67,0.66
16.92,38.13,-15.50,0.46,-0.63,0.63
16.60,37.26,-16.06,0.47,-0.38,0.79
14.48,39.60,-17.08,0.16,-0.78,0.61
14.90,39.53,-15.36,0.42,-0.45,0.79
17.29,40.44,-8.90,0.98,-0.02,0.20
15.91,38.01,10.55,0.05,-0.99,-0.08
17.27,34.38,13.32,0.45,-0.89,-0.06
18.99,33.86,12.98,0.23,-0.46,-0.86
22.78,32.40,6.41,0.68,-0.73,0.04
24.63,31.09,3.27,0.96,-0.25,-0.15
24.56,31.79,1.54,0.50,-0.85,0.16
26.22,29.54,0.02,0.43,-0.89,0.15
27.75,26.35,-1.03,0.89,-0.02,0.45
27.97,24.68,-1.23,0.76,-0.65,-0.04
29.48,18.05,-0.48,0.71,-0.58,0.40
29.55,11.50,0.74,0.75,0.49,0.43
30.03,8.65,1.55,0.78,0.62,0.08
29.31,8.26,1.83,0.93,0.37,-0.04
28.04,8.48,5.70,0.68,0.73,0.07
27.40,7.89,7.60,0.92,0.39,-0.05
26.65,8.57,12.06,0.70,0.62,-0.35
25.06,10.75,14.26,0.78,0.49,-0.38
24.65,10.38,15.73,0.54,0.48,-0.69
21.84,13.94,17.30,0.65,0.51,-0.56
21.01,16.49,17.97,0.61,0.51,-0.61
16.46,19.67,20.56,0.51,0.34,-0.79
13.37,19.46,24.04,0.50,0.17,-0.85
8.92,17.49,25.77,0.37,0.40,-0.84
5.64,17.86,27.01,0.17,0.43,-0.88
1.67,18.53,27.05,0.12,0.29,-0.95
-0.73,19.08,28.14,-0.00,0.34,-0.94
-4.79,20.36,27.55,-0.16,0.20,-0.97
-9.55,20.30,27.27,-0.02,0.19,-0.98
-11.79,24.15,26.22,-0.33,0.19,-0.92
-14.40,26.17,25.11,-0.45,0.07,-0.89
-15.87,27.61,22.69,-0.44,0.02,-0.90
-16.25,29.31,21.13,-0.56,-0.08,-0.82
-18.53,32.46,17.87,-0.56,-0.16,-0.81
-18.73,34.24,15.72,-0.53,-0.24,-0.81
-16.85,38.05,13.85,-0.60,-0.28,-0.75
-14.33,38.16,15.04,-0.45,-0.43,-0.78
-11.35,37.68,17.79,-0.40,-0.42,-0.81
-5.75,39.11,16.74,-0.27,-0.44,-0.86
-1.35,41.60,14.53,-0.03,-0.59,-0.81
3.20,44.58,5.99,0.03,-0.79,-0.61
4.98,46.28,1.66,0.18,-0.84,-0.51
5.86,46.39,-2.10,0.27,-0.85,-0.45
7.95,45.67,-5.52,0.24,-0.90,-0.35
9.17,43.97,-8.74,0.41,-0.91,-0.02
10.67,42.46,-12.19,0.25,-0.95,-0.20
8.95,39.98,-18.65,0.45,-0.80,0.39
10.29,36.46,-20.72,0.51,-0.78,0.36
7.79,34.81,-23.90,0.25,-0.82,0.52
6.16,30.62,-27.59,0.36,-0.29,0.88
6.60,27.48,-28.06,0.51,-0.75,0.42
3.17,24.51,-29.55,0.02,-0.80,0.60
1.55,22.12,-30.86,0.20,-0.52,0.83
-0.90,20.72,-30.29,0.19,-0.53,0.83
-3.06,19.59,-31.02,0.16,-0.35,0.92
-5.76,15.32,-29.64,0.03,-0.17,0.98
-4.81,8.48,-28.16,0.02,0.06,1.00
-5.91,3.98,-24.80,-0.04,0.37,0.93
-8.31,-1.09,-20.75,-0.01,0.48,0.88
-8.91,-5.16,-16.14,-0.18,0.65,0.74
-9.28,-6.25,-11.46,-0.28,0.84,0.47
-12.61,-6.48,-8.87,-0.19,0.80,0.57
-13.46,-7.37,-4.15,-0.21,0.86,0.46
-14.95,-7.45,1.04,-0.29,0.90,0.33
-12.94,-7.48,5.07,-0.33,0.94,0.05
-11.93,-8.11,9.42,-0.26,0.96,0.10
-10.30,-8.03,11.56,-0.28,0.96,-0.06
-8.08,-8.23,12.68,-0.25,0.94,-0.24
-5.94,-8.53,14.18,-0.13,0.96,-0.23
-2.93,-7.82,15.58,-0.11,0.96,-0.24
-0.59,-7.67,16.65,-0.04,0.96,-0.27
4.22,-4.61,18.79,-0.03,0.64,-0.77
9.31,-0.99,20.74,0.28,0.95,-0.14
12.01,3.11,21.79,0.30,0.66,-0.68
16.41,8.20,21.46,0.37,0.71,-0.60
19.36,12.83,18.85,0.63,0.40,-0.67
21.84,16.25,17.71,0.74,0.13,-0.66
24.24,18.53,13.72,0.82,0.35,-0.45
25.35,20.23,10.24,0.94,0.12,-0.32
26.56,21.69,8.50,0.93,0.35,-0.12
26.99,21.28,7.18,0.98,0.13,-0.16
27.72,21.98,5.11,0.94,0.24,-0.25
27.73,20.57,3.23,0.97,0.23,0.09
28.23,22.27,0.48,0.80,-0.33,0.50
27.33,24.87,-1.94,0.91,-0.25,0.33
26.20,27.56,-4.94,0.82,-0.44,0.37
24.85,29.17,-9.41,0.69,-0.47,0.55
24.29,28.33,-10.66,0.71,-0.27,0.65
23.40,29.52,-14.43,0.70,-0.35,0.62
20.59,30.96,-16.58,0.47,-0.33,0.82
17.99,33.25,-19.19,0.46,-0.48,0.74
15.98,33.87,-19.19,0.11,-0.46,0.88
15.21,34.72,-21.56,0.43,-0.61,0.66
11.71,35.75,-21.73,-0.19,-0.43,0.88
7.73,38.10,-22.27,0.09,-0.64,0.76
1.71,41.75,-21.56,-0.58,-0.66,0.47
-6.10,44.46,-16.93,-0.45,-0.71,0.53
-13.56,45.00,-13.66,-0.86,-0.51,0.04
-21.50,42.49,-8.75,-0.69,-0.69,0.22
-24.66,39.33,-7.85,-0.93,-0.26,-0.24
-26.57,37.89,-3.78,-0.82,-0.52,0.23
-27.86,35.50,-3.26,-0.81,-0.48,-0.33
-29.75,34.31,-1.31,-0.96,-0.16,-0.22
-30.30,32.25,0.60,-0.87,-0.21,-0.43
-30.10,30.57,2.99,-0.84,-0.08,-0.54
-29.53,32.86,4.27,-0.80,-0.21,-0.55
-28.45,32.09,8.24,-0.67,-0.17,-0.72
-28.20,30.30,10.55,-0.56,-0.44,-0.71
-26.38,30.40,12.26,-0.71,-0.45,-0.54
-24.71,29.49,15.10,-0.61,0.01,-0.79
-23.08,29.03,17.49,-0.45,-0.45,-0.77
-20.58,31.42,17.80,-0.40,-0.50,-0.77
-17.93,31.73,20.02,-0.28,-0.08,-0.96
-12.83,34.27,20.78,-0.17,-0.21,-0.96
-7.35,36.46,19.67,-0.01,-0.96,-0.27
-1.28,37.78,18.96,0.16,-0.11,-0.98
4.74,39.94,15.11,0.45,-0.35,-0.82
8.90,42.31,9.48,0.65,-0.52,-0.56
11.72,42.81,2.23,0.72,-0.67,-0.18
12.29,43.33,-1.18,0.84,-0.54,0.02
13.95,41.37,-7.43,0.61,-0.72,0.34
15.27,38.43,-14.12,0.99,0.10,0.13
15.45,37.71,-14.99,0.56,-0.74,0.37
15.56,34.61,-18.01,0.78,-0.01,0.62
14.76,33.86,-18.85,0.64,-0.66,0.39
13.43,33.11,-22.09,0.46,-0.13,0.88
12.92,30.07,-24.34,0.38,-0.41,0.83
9.72,28.98,-27.01,0.27,-0.05,0.96
5.08,29.00,-28.82,0.13,0.32,0.94
-0.26,27.84,-30.02,-0.04,-0.30,0.95
-4.79,25.40,-30.09,-0.35,-0.09,0.93
-9.55,29.08,-28.12,-0.86,-0.28,0.43
-13.92,31.15,-27.86,-0.54,-0.27,0.80
-17.42,34.78,-22.08,-0.68,-0.44,0.59
-19.98,37.16,-18.23,-0.69,-0.08,0.71
-20.68,40.01,-14.10,-0.94,0.02,0.32
-23.46,39.47,-10.35,-0.88,-0.41,0.22
-24.95,39.73,-5.96,-0.88,-0.45,0.16
-24.54,39.56,1.27,-0.90,-0.24,-0.35
-23.11,39.93,5.21,-0.92,-0.35,-0.20
-19.75,42.18,7.93,-0.88,-0.47,-0.06
-15.97,42.30,9.19,-0.49,-0.21,-0.84
-14.29,43.40,9.66,-0.61,-0.47,-0.64
-13.51,43.84,10.88,-0.54,-0.74,-0.40
-11.93,43.43,11.06,-0.38,-0.27,-0.89
-12.60,43.77,9.44,-0.57,-0.46,-0.68
-13.64,45.13,5.83,-0.65,-0.63,-0.42
-14.98,44.80,7.03,-0.49,-0.81,-0.31
-15.41,44.58,4.58,-0.56,-0.52,-0.64
-16.91,44.30,3.43,0.00,-0.69,-0.73
-15.91,44.87,1.20,-0.74,-0.64,-0.22
-17.50,43.85,2.31,-0.80,-0.52,-0.30
-20.01,42.97,1.40,-0.42,-0.77,-0.48
-23.22,40.42,-0.13,-0.53,-0.75,-0.40
-24.77,39.04,-0.34,-0.88,-0.39,-0.28
-25.49,38.66,-0.10,-0.73,-0.52,-0.44
-25.23,38.78,-0.94,-0.85,-0.36,-0.38
-25.04,38.09,1.88,-0.87,-0.43,-0.25
-25.21,37.30,2.26,-0.80,-0.48,-0.37
-23.52,38.67,2.67,-0.81,-0.25,-0.53
-23.43,38.10,4.61,-0.89,-0.21,-0.39
-24.38,37.33,5.96,-0.84,-0.13,-0.53
-26.56,33.73,7.48,-0.76,-0.19,-0.62
-28.44,27.91,8.17,-0.82,-0.44,-0.35
-30.09,25.18,7.87,-0.79,-0.24,-0.56
-29.53,24.84,7.67,-0.76,-0.15,-0.63
-26.99,25.73,12.88,-0.77,-0.33,-0.54
-22.69,31.18,16.37,-0.72,0.27,-0.64
-18.82,33.12,17.27,-0.33,-0.57,-0.75
-10.99,38.84,17.36,-0.36,-0.35,-0.86
-4.37,39.53,16.58,0.18,-0.11,-0.98
-3.08,41.71,15.56,0.19,-0.55,-0.81
2.87,43.03,11.76,0.08,-0.64,-0.76
6.86,43.74,8.47,0.68,-0.70,0.20
7.32,44.64,4.83,0.49,-0.84,-0.23
7.69,45.28,2.93,0.56,-0.77,0.30
6.77,46.03,-1.21,0.50,-0.86,0.05
5.82,45.79,-5.57,0.69,-0.64,0.35
3.20,45.64,-10.80,0.26,-0.71,0.65
-0.13,44.07,-15.60,0.19,-0.92,0.34
-4.53,42.08,-18.33,0.05,-0.59,0.80
-7.21,41.16,-21.17,-0.09,-0.31,0.95
-12.49,39.73,-21.52,-0.25,-0.47,0.84
-17.59,38.23,-19.06,-0.41,-0.28,0.87
-20.92,38.88,-14.44,-0.73,-0.62,0.27
-25.16,36.76,-11.49,-0.56,-0.01,0.83
-27.71,32.95,-8.04,-0.69,-0.71,0.13
-29.17,32.26,-1.87,-0.89,-0.39,0.23
-29.28,30.33,3.70,-0.94,-0.33,-0.09
-29.66,26.62,6.07,-0.71,-0.12,0.69
-29.04,23.46,10.46,-0.57,0.60,-0.56
-25.70,18.95,15.70,-0.91,0.20,-0.35
-21.04,19.25,21.06,-0.90,0.13,-0.42
-15.98,16.04,24.60,-0.84,-0.11,-0.53
-12.17,15.08,25.87,-0.58,0.76,-0.28
-8.92,11.41,26.20,-0.51,-0.15,-0.85
-4.27,9.27,25.83,-0.57,0.61,-0.56
-1.29,5.30,25.76,-0.20,0.46,-0.86
3.23,1.48,23.11,-0.43,0.51,-0.74
8.14,-0.61,21.84,-0.12,0.76,-0.64
10.38,-2.72,19.08,-0.16,0.76,-0.62
13.16,-4.77,15.97,0.22,0.80,-0.55
14.83,-5.58,13.42,0.12,0.84,-0.52
16.02,-7.35,10.62,0.32,0.89,-0.33
17.29,-7.93,7.30,0.04,0.90,-0.44
19.18,-8.25,4.28,0.32,0.87,-0.37
21.24,-6.69,-1.86,0.38,0.92,-0.06
21.30,-7.14,-4.97,0.24,0.95,-0.18
19.80,-7.09,-7.62,0.47,0.88,0.05
17.70,-7.04,-10.30,0.14,0.99,0.01
14.03,-8.02,-14.36,0.18,0.86,0.48
12.55,-6.58,-17.65,0.11,0.99,-0.09
10.67,-3.87,-21.15,0.03,0.71,0.70
12.87,-1.04,-22.73,0.17,0.81,0.55
12.61,0.65,-23.97,0.10,0.99,-0.02
11.84,4.00,-26.59,0.17,0.55,0.81
9.67,6.24,-27.01,0.12,0.92,0.38
6.99,13.78,-30.41,-0.04,0.46,0.89
6.47,23.51,-30.05,-0.04,0.68,0.73
5.58,28.76,-29.57,0.05,0.06,1.00
3.86,33.39,-26.27,-0.11,-0.52,0.85
3.64,37.57,-24.51,0.02,-0.12,0.99
1.92,41.30,-19.84,-0.19,-0.47,0.86
-1.48,45.80,-14.26,-0.21,-0.89,0.41
-3.70,47.91,-7.40,-0.16,-0.89,0.43
-4.61,49.61,-3.37,-0.50,-0.72,0.48
-6.07,48.13,4.61,-0.17,-0.98,-0.09
-2.23,46.78,10.01,-0.74,-0.39,0.54
0.72,43.43,14.21,-0.14,-0.91,-0.39
5.76,40.48,16.48,-0.21,-0.87,-0.44
10.35,35.10,18.40,-0.03,-0.87,-0.48
17.36,28.80,17.74,0.57,-0.75,-0.34
20.40,23.49,16.58,0.33,-0.39,-0.85
24.67,18.41,13.11,0.49,-0.57,-0.66
26.59,13.65,10.94,0.68,-0.22,-0.70
28.34,10.53,5.57,0.82,-0.19,-0.54
28.37,7.07,-0.27,0.86,0.51,0.08
29.04,7.39,-3.61,0.89,-0.38,-0.25
28.50,6.85,-6.53,0.89,0.29,0.36
26.17,3.54,-8.52,0.99,-0.09,0.13
24.29,-0.48,-8.86,0.92,0.38,-0.05
20.54,-1.44,-13.83,0.94,0.35,-0.00
17.49,-1.17,-17.07,0.80,0.44,0.41
15.49,0.24,-21.17,0.77,0.54,0.34
12.00,11.36,-28.88,0.70,-0.00,0.71
10.49,16.37,-28.81,0.68,-0.27,0.68
8.68,17.63,-31.15,0.63,-0.00,0.77
5.47,19.87,-30.26,0.43,-0.37,0.82
0.74,22.68,-30.43,0.07,0.73,0.68
-5.76,25.07,-29.94,0.19,-0.35,0.92
-10.07,23.43,-29.71,0.04,-0.16,0.98
-12.66,23.93,-28.25,-0.09,-0.44,0.89
-15.54,22.17,-27.14,-0.25,-0.39,0.89
-15.86,22.22,-27.61,-0.23,0.05,0.97
-17.42,22.39,-27.11,-0.28,-0.34,0.90
-17.14,20.79,-25.82,-0.17,-0.68,0.71
-17.48,21.73,-26.67,-0.27,-0.26,0.92
-19.34,19.97,-25.49,-0.06,0.31,-0.95
-21.51,16.25,-24.73,-0.51,-0.57,0.64
-24.02,15.55,-21.20,-0.56,-0.16,0.81
-26.31,13.13,-16.99,-0.74,-0.00,0.68
-28.63,11.15,-11.44,-0.90,0.26,0.34
-30.08,9.18,-4.36,-0.65,-0.39,0.65
-30.24,10.72,-1.98,-0.80,0.59,-0.12
-30.10,10.12,2.78,-0.92,0.31,-0.22
-28.52,10.49,9.23,-0.98,-0.18,0.11
-27.56,13.94,13.65,-0.97,0.16,-0.19
-24.21,18.53,18.31,-0.90,0.14,-0.41
-19.43,22.97,23.02,-0.91,-0.05,-0.41
-14.73,25.59,24.90,-0.69,-0.08,-0.72
-7.81,28.08,26.43,-0.80,-0.36,-0.48
-4.27,29.85,25.84,-0.29,-0.25,-0.92
-2.55,30.51,25.72,-0.37,-0.14,-0.92
0.95,32.74,22.91,-0.14,-0.59,-0.79
2.82,35.13,21.37,-0.24,-0.30,-0.92
3.65,37.22,20.15,-0.13,-0.46,-0.88
5.46,38.51,18.27,-0.03,-0.59,-0.80
11.69,38.34,13.67,0.16,-0.53,-0.83
15.34,37.82,12.07,0.19,-0.37,-0.91
18.68,37.11,7.36,0.45,-0.66,-0.60
19.35,37.76,5.00,0.70,-0.66,-0.28
19.21,38.28,5.43,0.35,-0.50,-0.79
18.18,39.26,0.70,0.57,-0.79,-0.21
18.31,38.95,-3.97,0.43,-0.84,-0.33
18.38,38.66,-8.69,0.72,-0.69,-0.04
16.44,37.92,-14.14,0.61,-0.79,-0.04
14.83,34.57,-20.90,0.80,-0.48,0.37
13.13,33.40,-21.97,0.45,-0.81,0.37
12.76,28.61,-25.22,0.83,-0.11,0.54
10.93,28.37,-27.16,0.44,-0.71,0.55
9.92,26.61,-27.86,0.44,-0.39,0.81
5.07,25.29,-29.22,0.35,-0.45,0.82
-0.74,22.64,-30.10,0.04,-0.57,0.82
-6.85,19.47,-30.68,0.05,-0.46,0.89
-13.66,18.71,-28.36,-0.45,-0.23,0.86
-18.42,16.38,-24.79,-0.43,-0.32,0.84
-19.37,12.78,-22.12,-0.69,-0.23,0.69
-19.13,7.93,-22.07,-0.71,-0.22,0.66
-18.97,3.26,-19.40,-0.70,0.15,0.70
-17.59,-1.17,-15.99,-0.73,0.30,0.61
-16.41,-5.18,-13.26,-0.77,0.43,0.47
-14.40,-8.09,-8.67,-0.71,0.59,0.39
-13.39,-10.24,-4.75,-0.63,0.70,0.33
-11.76,-11.08,1.16,-0.59,0.80,0.11
-10.03,-10.45,6.08,-0.49,0.87,-0.04
-6.42,-8.42,14.26,-0.55,0.81,-0.20
-5.96,-4.80,18.41,-0.39,0.82,-0.42
-4.60,-0.11,21.86,-0.43,0.65,-0.62
-2.94,5.86,25.37,-0.31,0.62,-0.73
-1.17,12.08,27.93,-0.27,0.38,-0.88
1.48,16.82,28.22,-0.23,0.39,-0.89
2.95,22.84,27.14,-0.14,-0.01,-0.99
5.99,29.82,23.84,0.02,-0.19,-0.98
8.90,33.83,21.39,0.12,-0.16,-0.98
11.06,34.64,19.26,0.20,-0.36,-0.91
12.93,37.37,14.04,0.26,-0.44,-0.86
15.12,39.98,8.61,0.53,-0.67,-0.52
16.93,40.32,5.00,0.42,-0.59,-0.69
18.87,38.94,3.17,0.42,-0.34,-0.84
20.02,38.44,-2.88,0.54,-0.75,-0.38
21.07,36.01,-7.81,0.88,-0.47,-0.02
20.75,34.50,-12.93,0.80,-0.60,0.01
19.97,30.20,-18.21,0.86,-0.51,-0.06
19.18,25.93,-22.50,0.78,-0.43,0.46
18.85,20.62,-24.01,0.78,-0.43,0.44
18.02,15.11,-25.17,0.71,0.12,0.69
14.69,11.35,-26.73,0.78,0.22,0.59
11.18,7.30,-26.97,0.60,-0.10,0.79
8.37,2.80,-26.98,0.51,-0.06,0.86
2.62,6.08,-28.83,0.34,0.44,0.83
-5.42,8.81,-28.30,0.00,0.01,1.00
-8.48,9.00,-28.09,0.03,-0.05,1.00
-10.12,10.41,-27.20,-0.07,0.01,1.00
-10.96,10.69,-27.56,-0.16,0.08,0.98
-11.72,11.23,-27.05,-0.33,-0.33,0.89
-13.43,8.75,-26.66,-0.28,0.04,0.96
-14.44,8.12,-26.11,-0.34,0.04,0.94
-14.45,6.30,-25.10,-0.28,-0.03,0.96
-11.83,2.45,-22.57,-0.25,0.23,0.94
-8.25,-1.09,-22.42,-0.20,0.21,0.96
-5.41,-3.75,-20.26,-0.18,0.41,0.89
-4.20,-6.63,-17.72,-0.18,0.47,0.86
-4.57,-8.19,-13.59,-0.15,0.67,0.73
-4.21,-10.24,-9.19,-0.22,0.78,0.58
-2.84,-11.52,-5.49,-0.18,0.71,0.68
-4.38,-11.84,-2.59,-0.19,0.93,0.31
-3.52,-11.39,1.46,-0.15,0.88,0.45
-1.64,-10.84,6.03,-0.21,0.97,0.11
-1.32,-10.06,9.52,-0.11,0.99,0.12
-0.59,-8.96,13.32,-0.18,0.96,-0.20
-0.98,-6.65,16.66,-0.12,0.97,-0.23
-1.90,-4.32,20.07,-0.01,0.86,-0.50
0.65,-2.03,22.85,-0.22,0.91,-0.35
0.16,3.81,25.40,-0.09,0.70,-0.71
0.96,11.33,26.82,-0.10,0.57,-0.81
1.67,18.77,27.51,-0.07,0.26,-0.96
2.34,23.58,26.53,0.01,-0.01,-1.00
2.15,27.89,25.31,-0.06,0.17,-0.98
1.61,32.81,22.36,0.05,-0.23,-0.97
1.78,36.99,19.93,0.13,-0.38,-0.91
2.81,39.50,17.36,0.18,-0.50,-0.85
4.92,41.69,12.85,0.30,-0.52,-0.80
7.35,42.63,9.89,0.20,-0.57,-0.80
10.30,43.52,5.48,0.46,-0.72,-0.52
13.60,42.30,0.56,0.35,-0.71,-0.61
14.11,42.71,-6.12,0.65,-0.75,-0.15
15.84,39.86,-10.82,0.64,-0.77,-0.06
17.99,36.32,-14.39,0.76,-0.64,-0.14
19.29,32.14,-17.50,0.61,-0.79,-0.02
21.28,23.88,-20.18,0.96,-0.18,-0.19
21.29,17.54,-20.61,0.86,-0.38,0.33
21.85,10.57,-20.19,0.99,0.11,0.07
20.90,4.32,-20.34,0.95,0.03,0.31
18.84,-1.15,-17.30,0.85,0.45,0.25
17.55,-4.10,-14.69,0.90,0.38,0.18
14.18,-8.36,-11.06,0.63,0.62,-0.48
10.44,-11.71,-7.54,0.57,0.75,-0.34
6.98,-13.49,-5.38,0.47,0.87,0.14
4.22,-13.66,-4.30,0.37,0.92,0.07
4.48,-12.81,-6.70,0.40,0.83,-0.38
5.66,-8.68,-17.30,0.57,0.78,0.27
6.29,10.16,-29.87,0.38,0.07,0.92
9.84,18.73,-29.87,0.34,0.50,0.80
12.65,23.69,-26.79,0.62,-0.17,0.77
15.05,29.52,-22.74,0.83,-0.13,0.55
17.20,33.13,-18.30,0.59,-0.03,0.81
20.25,36.02,-10.11,0.87,-0.26,0.41
22.03,34.99,0.99,0.93,0.24,0.26
22.13,29.50,10.49,0.74,-0.63,-0.20
26.31,19.58,10.46,1.00,-0.00,-0.00
27.26,16.72,10.38,0.74,-0.29,-0.61
28.49,12.12,7.90,0.80,-0.29,0.53
28.94,12.54,6.14,0.95,-0.01,0.31
28.91,9.39,2.89,0.93,0.06,0.37
28.76,8.62,-0.13,0.97,-0.06,0.24
28.55,7.10,-1.44,0.99,0.12,0.04
27.15,6.74,-3.88,0.95,0.12,0.28
25.96,5.96,-9.07,0.88,-0.22,0.42
25.02,6.53,-11.29,0.78,0.01,0.62
23.68,7.06,-14.23,0.90,-0.09,0.43
21.40,8.03,-17.97,0.62,-0.13,0.77
18.90,9.01,-20.30,0.83,0.09,0.54
16.66,9.72,-23.74,0.99,-0.01,0.13
11.04,13.68,-28.74,0.37,-0.10,0.92
7.37,14.20,-30.59,0.29,-0.44,0.85
3.66,17.35,-31.49,0.03,-0.25,0.97
-0.23,20.94,-30.81,0.02,-0.65,0.76
-5.16,22.51,-30.27,-0.30,-0.80,0.52
-9.70,26.10,-28.20,-0.41,-0.57,0.71
-14.66,25.63,-26.97,-0.50,-0.61,0.61
-18.30,24.37,-24.95,-0.61,-0.61,0.50
-20.21,23.72,-23.25,-0.76,-0.38,0.52
-23.29,23.36,-20.56,-0.83,-0.48,0.29
-25.74,25.46,-15.60,-0.91,-0.41,0.08
-26.98,29.52,-9.94,-0.95,-0.31,-0.04
-28.81,29.27,-2.72,-0.95,-0.13,-0.26
-30.04,24.74,3.71,-0.92,-0.04,-0.39
-30.44,18.09,7.09,-0.81,0.33,-0.48
-28.61,12.16,9.57,-0.75,0.48,-0.45
-26.32,8.31,12.44,-0.75,0.54,-0.39
-23.67,5.63,13.60,-0.63,0.56,-0.54
-19.89,2.09,15.56,-0.45,0.70,-0.55
-15.56,-1.56,16.75,-0.25,0.80,-0.54
-11.74,-4.17,16.14,-0.15,0.89,-0.43
-6.95,-5.97,17.09,-0.06,0.84,-0.53
-0.57,-8.18,16.32,0.13,0.89,-0.44
4.77,-8.50,14.49,0.41,0.86,-0.30
9.64,-8.98,11.50,0.39,0.84,-0.38
15.06,-7.53,10.83,0.73,0.67,-0.14
17.15,-7.84,7.42,0.77,0.63,0.11
18.88,-5.85,2.08,0.82,0.56,0.11
20.46,-6.19,1.37,0.72,0.59,0.36
21.56,-3.86,-2.40,0.79,0.60,0.14
22.78,-1.83,-4.28,0.88,0.23,0.41
23.66,0.48,-6.90,0.83,0.49,0.27
25.52,3.26,-7.56,0.86,0.04,0.50
26.38,5.38,-8.12,0.87,-0.05,0.48
27.54,8.69,-9.19,0.94,-0.17,0.31
27.26,11.85,-10.10,0.92,-0.25,0.31
26.93,15.32,-12.01,0.95,-0.28,0.10
24.00,22.36,-16.38,0.70,-0.57,0.44
21.64,29.16,-17.38,0.68,-0.71,0.17
17.26,36.04,-15.84,0.20,-0.91,0.35
13.17,39.93,-15.34,0.28,-0.94,0.17
8.12,44.20,-12.29,-0.08,-0.98,-0.16
3.66,46.17,-11.47,0.02,-0.98,0.19
-2.76,47.96,-7.69,-0.24,-0.97,-0.07
-7.41,48.49,-3.23,-0.35,-0.91,-0.23
-13.66,45.90,5.27,-0.48,-0.76,-0.43
-17.64,41.67,11.18,-0.66,-0.30,-0.68
-21.02,34.03,16.43,-0.64,-0.62,-0.45
-23.12,30.38,16.36,-0.77,-0.02,-0.63
-25.09,26.60,16.37,-0.91,0.00,-0.40
-25.27,22.62,16.60,-0.90,-0.12,-0.42
-26.61,19.63,16.19,-0.76,0.38,-0.52
-25.94,13.75,15.34,-0.73,0.44,-0.52
-24.55,6.71,12.44,-0.74,0.63,-0.22
-23.39,0.16,9.72,-0.63,0.77,-0.09
-21.75,-4.26,1.26,-0.60,0.66,0.46
-17.58,-8.12,-4.08,-0.62,0.73,0.27
-12.44,-7.14,-14.43,-0.46,0.67,0.58
-6.90,-4.36,-20.69,-0.28,0.44,0.85
-0.92,-0.73,-24.91,-0.03,0.24,0.97
2.15,2.66,-27.56,0.00,0.06,1.00
7.85,8.29,-28.60,0.40,-0.02,0.92
12.82,11.15,-27.76,0.39,-0.17,0.90
17.70,16.39,-24.07,0.51,-0.39,0.76
20.72,20.41,-22.22,0.71,-0.30,0.64
23.24,23.01,-18.12,0.70,-0.59,0.40
24.80,24.04,-13.07,0.79,-0.59,0.18
26.01,24.89,-8.01,0.84,-0.52,0.14
25.89,27.71,-4.97,0.88,-0.45,-0.10
25.49,28.25,-0.71,0.72,-0.65,-0.24
27.34,25.46,1.05,0.65,-0.68,-0.34
27.89,21.89,6.65,0.79,-0.24,-0.56
26.49,18.64,11.95,0.84,0.12,-0.52
24.69,18.24,15.99,0.44,-0.59,-0.67
24.85,12.82,17.09,0.59,-0.41,-0.69
22.90,11.23,17.48,0.61,-0.01,-0.79
20.51,9.41,19.63,0.55,-0.31,-0.77
18.43,7.56,21.45,0.63,-0.36,-0.69
13.13,7.04,24.05,0.53,-0.32,-0.78
6.58,2.73,24.39,0.21,-0.10,-0.97
-0.20,1.01,24.56,-0.02,-0.14,-0.99
-4.43,3.50,25.63,0.24,-0.94,-0.25
-5.48,-2.50,21.41,0.23,0.56,-0.79
-11.19,-1.42,20.29,-0.12,0.28,-0.95
-15.84,-0.79,18.38,-0.50,0.36,-0.79
-19.87,-0.26,16.87,-0.62,0.23,-0.75
-21.69,1.72,16.39,-0.50,0.40,-0.77
-23.55,3.63,15.70,-0.34,0.12,-0.93
-27.09,6.27,12.63,-0.48,-0.21,-0.85
-28.72,9.79,10.33,-0.67,0.13,-0.73
-30.62,10.10,6.58,-0.79,0.59,0.14
-32.20,13.35,5.94,-0.89,0.31,-0.33
-33.80,17.04,3.89,-0.81,0.40,-0.42
-34.62,18.48,-0.74,-0.93,0.11,-0.34
-34.57,19.84,-2.87,-0.96,0.01,-0.27
-33.80,17.38,-9.17,-0.94,0.34,-0.01
-32.71,16.64,-11.94,-0.81,-0.53,-0.26
-31.42,15.30,-13.88,-0.94,0.33,0.06
-30.59,14.67,-14.75,-0.86,0.32,0.39
-30.13,16.59,-15.91,-0.87,0.49,0.08
-28.37,19.17,-18.75,-0.85,0.40,0.34
-26.90,22.80,-19.37,-0.92,0.13,0.36
-25.79,26.43,-21.09,-0.90,0.16,0.40
-23.27,28.92,-23.11,-0.80,-0.11,0.59
-21.00,29.55,-24.99,-0.80,-0.08,0.59
-18.03,28.82,-26.15,-0.76,0.04,0.65
-13.09,28.11,-29.14,-0.42,0.01,0.90
-9.91,27.55,-29.79,-0.57,0.06,0.82
-7.96,28.93,-29.38,-0.20,-0.38,0.90
-3.97,28.58,-30.24,-0.47,-0.03,0.88
0.79,28.38,-29.31,-0.22,-0.29,0.93
3.61,30.60,-27.12,-0.04,-0.51,0.86
1.54,38.61,-23.88,-0.69,-0.22,0.68
-0.23,44.51,-16.00,0.10,-0.07,0.99
-0.98,46.17,-12.13,-0.84,-0.39,0.38
2.27,46.04,-11.79,-0.31,-0.89,0.34
7.23,43.52,-13.82,-0.15,-0.86,0.48
11.55,41.38,-13.32,0.12,-0.87,0.48
13.71,40.23,-11.69,0.07,-0.90,0.42
16.04,39.04,-12.67,0.23,-0.92,0.31
18.27,36.84,-12.82,0.11,-0.84,0.52
21.78,33.92,-9.31,0.51,-0.86,-0.05
24.39,30.24,-7.23,0.37,-0.63,0.68
25.46,29.82,-4.13,0.50,-0.86,0.11
27.14,26.59,-0.99,0.66,-0.74,0.16
27.76,23.57,4.04,0.93,-0.10,0.36
24.69,24.37,11.23,0.53,-0.64,-0.55
21.19,26.05,14.60,0.53,-0.81,-0.25
17.29,26.48,18.58,0.80,-0.44,-0.40
11.95,27.21,22.31,0.61,-0.31,-0.73
7.17,27.67,24.45,0.49,-0.50,-0.71
9.31,22.96,25.45,0.45,-0.64,-0.62
8.95,18.59,26.31,0.60,-0.67,0.43
1.57,14.16,28.26,0.16,-0.45,-0.88
-1.34,15.77,28.86,0.55,0.80,0.23
-7.43,18.97,27.11,-0.00,-0.38,-0.92
-12.74,24.10,24.67,0.06,0.28,-0.96
-16.00,27.83,22.33,-0.15,0.20,-0.97
-19.09,28.03,20.18,-0.30,-0.32,-0.90
-20.30,30.75,17.94,-0.36,0.20,-0.91
-22.67,31.30,14.47,-0.68,-0.37,-0.63
-26.07,36.15,7.62,-0.66,-0.27,-0.70
-26.76,36.93,1.05,-0.68,-0.48,-0.55
-26.14,38.24,-6.09,-0.83,-0.49,-0.25
-23.14,40.10,-12.34,-0.70,-0.64,-0.32
-19.67,38.11,-18.64,-0.87,-0.45,0.17
-18.80,35.53,-21.95,-0.65,-0.69,0.33
-16.36,31.52,-25.46,-0.81,-0.15,0.57
-13.82,28.89,-27.92,-0.51,-0.62,0.60
-13.33,25.01,-28.25,-0.62,0.16,0.77
-10.06,21.34,-30.13,-0.59,-0.17,0.79
-6.05,18.41,-30.64,-0.47,-0.15,0.87
-3.92,16.83,-30.73,-0.43,-0.11,0.90
2.09,14.28,-31.35,-0.19,0.02,0.98
8.56,13.88,-29.32,-0.16,-0.18,0.97
13.15,11.96,-26.76,-0.02,0.17,0.98
17.87,12.21,-24.77,0.15,-0.26,0.95
20.07,14.05,-21.72,0.29,0.28,0.91
22.78,15.73,-19.10,0.17,-0.07,0.98
25.93,18.15,-13.20,0.57,-0.26,0.78
28.55,18.62,-5.47,0.64,0.09,0.77
28.52,20.53,2.08,0.95,-0.18,-0.24
26.26,23.57,7.26,0.80,-0.61,-0.01
23.33,26.20,10.73,0.89,-0.25,-0.38
22.45,27.92,12.26,0.85,-0.52,0.09
19.52,30.05,13.93,0.85,-0.47,-0.21
16.77,32.80,16.71,0.78,-0.54,-0.31
14.32,32.84,16.11,0.78,-0.42,-0.45
12.37,34.46,17.26,0.70,-0.51,-0.51
10.57,34.40,18.51,0.80,-0.14,-0.58
6.52,38.26,16.56,0.55,-0.74,-0.38
2.20,40.12,16.36,0.62,-0.51,-0.60
-0.79,40.22,17.00,0.30,-0.76,-0.58
-2.83,41.43,15.97,0.24,-0.70,-0.67
-6.08,41.87,15.06,0.28,-0.66,-0.69
-8.69,46.78,9.52,0.33,-0.22,-0.92
-8.89,49.00,3.21,0.14,-0.92,-0.36
-8.53,49.63,-2.70,0.29,-0.96,-0.01
-8.14,48.36,-7.85,0.05,-1.00,0.02
-7.89,47.36,-13.45,0.23,-0.95,0.18
-8.33,44.18,-18.35,0.11,-0.99,-0.04
-7.80,38.54,-23.52,0.01,-0.85,0.52
-5.80,35.34,-26.15,0.03,-0.77,0.64
-3.96,33.63,-27.10,-0.03,-0.86,0.52
-4.86,27.45,-30.46,0.01,-0.46,0.89
-7.37,23.27,-30.16,-0.06,-0.57,0.82
-8.51,15.66,-30.30,-0.17,-0.29,0.94
-7.97,10.97,-29.49,-0.39,0.16,0.91
-11.45,4.44,-24.85,-0.26,-0.23,0.94
-14.34,0.33,-21.28,-0.48,0.54,0.69
-17.54,-2.67,-15.53,-0.52,0.35,0.78
-20.31,-3.21,-9.51,-0.71,0.65,0.26
-24.19,-1.70,-1.70,-0.81,0.42,0.40
-25.94,1.28,4.91,-0.84,0.53,0.10
-26.75,3.97,8.35,-0.95,0.32,0.01
-26.53,6.10,12.08,-0.84,0.42,-0.35
-25.10,9.55,16.58,-0.91,0.23,-0.33
-22.78,13.26,22.18,-0.83,0.16,-0.52
-16.63,15.48,25.68,-0.66,0.13,-0.74
-8.44,18.20,26.86,-0.70,0.08,-0.71
-0.98,18.97,26.64,-0.37,-0.05,-0.93
5.26,13.27,25.12,-0.32,-0.05,-0.94
9.58,7.29,24.04,-0.10,0.20,-0.97
16.37,3.26,18.48,0.08,0.31,-0.94
22.57,1.61,11.51,0.55,0.32,-0.77
24.15,-0.88,5.25,0.76,0.46,-0.46
24.19,-2.69,0.54,0.38,0.91,-0.12
23.30,-4.02,-4.13,0.82,0.47,-0.31
20.36,-6.41,-8.29,0.50,0.83,-0.25
16.10,-8.07,-12.12,0.51,0.86,-0.00
10.27,-8.42,-15.76,0.35,0.92,0.16
4.69,-7.86,-17.61,0.25,0.91,0.33
-1.95,-7.81,-18.92,0.05,0.99,0.10
-7.90,-5.93,-19.15,-0.20,0.88,0.44
-13.59,-3.21,-20.25,-0.46,0.83,0.32
-17.43,-0.95,-18.81,-0.47,0.83,0.30
-18.73,1.09,-18.74,-0.47,0.72,0.50
-16.94,1.31,-20.73,-0.66,0.71,-0.25
-16.26,1.79,-22.44,-0.48,0.84,0.26
-14.53,-0.50,-22.44,-0.44,0.81,0.37
-14.89,-0.31,-21.47,-0.72,0.57,0.40
-11.13,-2.43,-22.49,-0.24,0.95,0.19
-8.95,-2.70,-23.18,-0.23,0.35,0.91
-11.35,-2.16,-22.63,-0.40,0.85,-0.34
-17.94,2.84,-21.94,-0.45,0.49,0.75
-17.82,3.09,-21.34,-0.40,0.90,-0.16
-19.57,3.56,-21.08,-0.87,0.30,0.40
-24.38,7.36,-18.84,-0.62,0.65,0.43
-26.38,9.41,-16.78,-0.58,0.73,0.35
-26.97,7.48,-15.80,-0.76,0.56,0.33
-27.00,6.90,-16.61,-0.83,0.55,0.11
-29.22,9.06,-13.94,-0.99,0.12,0.09
-31.47,15.08,-11.65,-0.45,0.88,0.14
-30.02,13.16,-12.33,-0.88,-0.47,-0.04
-31.37,18.36,-13.02,-0.73,0.67,-0.08
-31.38,21.51,-13.92,-0.94,-0.10,-0.34
-31.01,25.62,-14.99,-0.92,-0.28,0.27
-29.22,31.52,-14.36,-0.87,-0.48,0.13
-25.54,36.83,-14.47,-0.89,-0.22,0.41
-22.83,38.50,-15.75,-0.71,-0.66,0.26
-20.81,39.67,-18.44,-0.77,-0.63,0.09
-18.57,39.05,-19.67,-0.75,-0.21,0.62
-17.27,35.30,-23.21,-0.54,-0.84,0.01
-17.26,31.84,-25.65,-0.74,-0.28,0.61
-16.25,26.95,-28.00,-0.68,-0.54,0.50
-15.81,22.03,-28.41,-0.79,-0.32,0.52
-16.20,18.70,-28.19,-0.75,-0.06,0.66
-14.55,17.18,-28.52,-0.78,0.58,0.22
-15.86,15.95,-28.78,-0.64,-0.13,0.75
-19.13,15.64,-26.75,-0.93,0.17,0.34
-22.73,12.28,-23.17,-0.83,-0.20,0.52
-27.44,12.40,-17.32,-0.79,0.15,0.59
-26.09,10.38,-17.87,-0.79,0.21,-0.58
-27.61,9.27,-15.31,-0.90,-0.13,0.42
-28.06,7.95,-15.67,-0.95,0.27,-0.16
-28.94,6.37,-11.02,-0.95,0.04,0.30
-29.96,7.51,-8.35,-0.98,0.16,-0.13
-30.29,9.50,-9.83,-0.99,0.16,0.00
-30.75,9.62,-8.03,-0.90,0.42,-0.11
-33.67,13.60,-2.14,-0.86,0.37,0.35
-33.46,23.22,1.86,-0.92,0.02,-0.39
-32.10,30.76,0.67,-1.00,-0.05,-0.07
-30.13,32.90,-3.81,-0.64,-0.38,-0.66
-27.84,35.69,-6.25,-0.89,-0.46,0.01
-25.18,38.62,-9.39,-0.66,-0.44,-0.61
-22.71,39.69,-13.29,-0.80,-0.59,0.06
-18.27,39.87,-18.35,-0.42,-0.73,0.54
-15.05,40.53,-21.01,-0.38,-0.81,0.45
-12.65,40.22,-22.16,-0.01,-0.96,0.28
-10.39,40.70,-22.57,-0.07,-0.89,0.45
-7.53,40.80,-22.41,-0.23,-0.93,0.28
-7.17,40.91,-22.89,-0.06,-1.00,0.04
-6.48,41.52,-21.29,-0.31,-0.86,0.41
-6.65,40.25,-22.44,-0.18,-0.94,0.28
-5.40,40.38,-24.61,-0.23,-0.97,0.07
-3.04,40.23,-23.25,0.39,-0.91,-0.12
-0.20,39.23,-23.73,0.01,-0.89,0.45
3.97,38.09,-24.80,0.22,-0.95,0.22
9.67,34.92,-24.17,0.41,-0.79,0.45
10.42,31.24,-24.71,0.21,-0.85,0.47
8.56,30.04,-26.89,0.63,-0.68,0.38
7.32,23.67,-28.86,0.43,-0.57,0.70
6.27,20.65,-29.66,0.32,-0.34,0.88
6.77,16.93,-30.91,0.56,-0.33,0.75
6.96,14.38,-29.33,0.31,-0.05,0.95
7.96,13.20,-28.60,0.33,-0.19,0.92
9.80,12.51,-27.86,0.60,-0.16,0.79
12.73,11.29,-26.21,0.47,-0.14,0.87
16.72,8.33,-23.25,0.41,-0.62,-0.67
21.72,6.67,-18.19,0.89,0.03,0.46
24.40,5.09,-12.83,0.98,-0.17,0.12
24.84,2.31,-7.46,0.98,0.14,0.14
26.57,0.90,-0.26,0.92,-0.06,-0.37
23.58,-1.00,6.96,0.86,0.40,-0.30
22.34,-0.52,13.44,0.84,0.14,-0.51
16.80,2.49,19.62,0.67,-0.04,-0.74
10.28,7.54,24.46,0.34,-0.08,-0.94
4.74,14.27,27.78,0.49,0.00,-0.87
-3.22,20.00,26.92,0.15,-0.07,-0.98
-7.48,25.34,26.38,0.27,0.03,-0.96
-9.45,29.47,23.36,-0.07,-0.24,-0.97
-12.43,33.94,20.36,-0.00,-0.20,-0.98
-13.59,35.69,19.13,-0.11,-0.90,-0.42
-15.06,38.87,14.37,-0.29,-0.90,-0.33
-16.72,40.17,11.84,0.02,-0.90,-0.43
-18.05,41.77,8.52,-0.08,-0.84,-0.53
-18.27,44.56,7.04,0.03,-0.92,-0.39
-18.35,45.67,3.31,-0.21,-0.98,0.02
-20.36,45.36,-2.28,-0.46,-0.87,0.14
-19.91,45.48,-2.66,-0.20,-0.98,-0.01
-20.51,44.56,-2.66,-0.08,-0.91,0.41
-19.31,44.38,0.35,-0.29,-0.96,-0.01
-17.14,44.23,3.99,-0.27,-0.96,0.02
-17.00,44.74,5.53,-0.01,-1.00,0.04
-13.38,44.27,12.76,0.10,-0.92,-0.39
-3.76,38.94,20.42,0.15,-0.54,-0.82
2.50,32.19,23.72,0.76,0.01,-0.65
4.38,28.72,24.82,0.29,-0.65,-0.70
10.45,20.23,24.83,0.64,-0.57,-0.52
13.90,10.34,22.85,0.70,0.40,-0.59
17.03,2.87,18.10,0.67,-0.27,-0.69
18.46,-6.27,6.95,0.81,0.40,-0.43
18.40,-5.93,-9.96,0.77,0.42,0.48
18.76,-3.30,-12.43,0.83,0.44,0.35
18.74,-0.50,-17.19,0.86,0.44,0.27
18.81,5.05,-21.91,0.91,0.37,0.20
19.86,11.79,-22.39,0.90,0.24,0.36
19.95,19.89,-22.45,0.93,0.09,0.34
19.89,29.41,-17.80,0.96,-0.11,0.26
19.24,36.33,-11.77,0.71,-0.44,-0.54
16.86,39.84,-4.24,0.78,-0.62,-0.05
14.01,41.42,3.64,0.41,-0.20,-0.89
11.12,40.15,10.73,0.44,-0.39,-0.81
7.08,38.89,16.02,0.34,-0.52,-0.78
1.77,35.51,20.21,0.10,-0.37,-0.92
-2.05,29.92,25.21,0.10,0.17,-0.98
-4.64,23.22,26.39,0.04,-0.16,-0.99
-3.44,17.75,27.67,-0.05,0.32,-0.95
-2.64,15.28,28.48,0.10,0.47,-0.87
-4.97,11.89,27.70,-0.04,0.58,-0.82
-4.96,3.45,25.50,-0.02,0.70,-0.71
-5.71,-4.32,21.09,0.04,0.79,-0.61
-5.49,-10.49,14.07,-0.11,0.95,-0.29
-5.60,-13.56,3.11,0.02,0.99,0.15
-3.36,-14.16,-4.75,-0.14,0.93,0.32
-3.00,-12.23,-10.16,0.08,0.82,0.56
-1.75,-10.03,-14.88,0.07,0.71,0.70
0.77,-6.42,-20.43,0.15,0.60,0.79
1.48,-0.57,-25.44,0.19,0.17,0.97
3.56,2.50,-27.37,0.41,0.13,0.90
6.05,9.99,-29.53,0.45,-0.03,0.89
6.42,14.59,-29.82,0.52,-0.29,0.80
5.86,17.59,-29.81,0.54,-0.18,0.82
6.09,25.45,-28.80,0.49,-0.31,0.82
6.90,32.19,-25.09,0.30,-0.95,0.07
5.65,39.92,-19.14,0.45,-0.80,0.39
5.91,44.93,-11.85,0.66,-0.72,-0.19
5.94,46.02,1.66,0.61,-0.79,-0.05
5.16,44.54,10.40,0.45,-0.45,-0.77
3.89,39.48,16.53,0.49,-0.71,-0.51
1.95,33.74,21.86,0.26,-0.25,-0.93
1.86,32.08,22.13,0.34,-0.44,-0.83
0.62,32.85,21.69,0.17,-0.22,-0.96
1.35,32.21,22.17,0.27,-0.18,-0.94
1.87,34.09,22.33,0.35,-0.39,-0.85
2.66,32.67,22.25,0.47,-0.21,-0.86
3.08,32.13,23.13,0.46,-0.34,-0.82
6.23,30.90,23.07,0.51,0.33,-0.79
9.85,28.77,22.64,0.64,-0.25,-0.73
11.43,28.50,22.09,0.80,-0.14,-0.59
6.47,26.22,24.21,0.48,-0.34,-0.81
2.61,22.89,25.79,0.25,-0.29,-0.92
-2.00,21.03,27.00,0.32,-0.25,-0.91
-8.19,20.53,26.38,0.07,-0.25,-0.96
-13.88,19.36,23.85,-0.10,-0.32,-0.94
-18.73,17.57,23.75,-0.16,-0.35,-0.92
-20.69,14.06,20.62,-0.54,-0.13,-0.83
-25.20,12.55,17.68,-0.50,-0.21,-0.84
-26.95,9.68,13.46,-0.75,-0.01,-0.66
-27.95,7.25,9.94,-0.76,0.10,-0.65
-27.17,2.67,5.69,-0.70,0.25,-0.67
-23.95,-3.12,-1.65,-0.95,0.30,-0.13
-19.56,-6.48,-5.36,-0.47,0.88,-0.01
-12.32,-10.57,-8.65,-0.70,0.64,0.31
-4.70,-10.42,-16.19,-0.64,0.66,0.40
-2.59,-6.68,-22.24,-0.46,0.73,0.50
-3.58,-0.78,-26.75,-0.51,0.54,0.67
-2.12,7.29,-30.47,-0.35,0.37,0.86
-0.42,14.07,-32.42,-0.49,0.27,0.83
0.92,19.75,-30.70,-0.05,-0.00,1.00
1.27,25.88,-30.57,-0.24,-0.08,0.97
2.36,30.24,-29.77,0.01,-0.51,0.86
4.91,31.31,-28.43,-0.11,-0.20,0.97
10.58,34.11,-24.45,-0.03,-0.45,0.89
14.27,36.79,-18.70,0.08,-0.60,0.80
16.22,39.49,-9.07,0.24,-0.70,0.68
17.25,40.44,0.57,0.42,-0.91,-0.00
14.99,40.16,6.57,0.55,-0.82,-0.17
10.68,40.17,13.62,0.32,-0.91,-0.24
8.03,38.53,16.63,0.43,-0.90,-0.01
5.11,36.35,18.91,-0.22,-0.88,-0.42
1.67,38.68,19.46,0.03,-0.86,-0.50
-2.42,41.63,17.77,-0.03,-1.00,0.02
-7.73,43.32,17.24,-0.46,-0.77,-0.44
-11.91,41.42,15.63,-0.05,-0.77,-0.63
-14.62,40.22,16.72,-0.42,-0.87,-0.26
-18.95,39.37,12.67,-0.29,-0.71,-0.64
-23.16,36.99,12.74,-0.58,-0.79,-0.19
-25.61,35.08,11.43,-0.67,-0.68,-0.29
-28.97,33.58,7.26,-0.69,-0.47,-0.55
-31.60,27.80,3.70,-0.66,-0.73,0.19
-32.42,27.12,-5.90,-0.88,-0.35,-0.32
-31.30,25.93,-9.53,-0.69,-0.45,-0.57
-30.53,24.33,-12.18,-0.80,-0.59,0.02
-28.89,23.07,-15.58,-0.56,-0.25,0.79
-25.61,21.75,-21.20,-0.75,-0.64,0.18
-22.71,21.86,-24.74,-0.75,-0.50,0.43
-17.08,19.70,-27.83,-0.72,-0.49,0.49
-11.36,20.69,-30.71,-0.51,-0.35,0.78
-6.09,24.78,-31.09,-0.47,0.11,0.88
-6.07,36.82,-26.15,0.57,-0.72,0.39
-2.55,39.21,-24.30,-0.28,-0.88,0.39
2.69,40.52,-23.56,-0.37,-0.90,0.23
2.29,45.18,-17.77,-0.04,-0.88,0.46
4.80,45.89,-12.94,0.01,-0.88,0.47
10.05,43.07,-12.83,0.76,-0.51,0.39
9.67,44.91,-8.80,0.15,-0.63,-0.76
10.49,45.98,-1.15,0.22,-0.96,-0.16
14.00,42.33,2.42,0.19,-0.93,-0.30
13.77,41.64,7.79,0.29,-0.95,-0.08
11.02,40.70,12.89,-0.28,-0.79,-0.54
12.38,36.05,16.67,-0.12,-0.48,-0.87
11.74,34.22,18.47,0.04,-0.84,-0.54
7.90,31.45,22.28,0.18,-0.68,-0.71
5.58,26.57,24.68,0.08,-0.95,-0.32
1.67,19.52,27.20,0.11,-0.31,-0.94
-0.37,15.89,27.94,-0.02,-0.37,-0.93
2.14,13.72,28.92,-0.28,-0.14,-0.95
-2.48,9.08,26.03,-0.00,0.15,-0.99
-4.38,3.82,25.45,0.16,-0.07,-0.98
-5.04,1.28,23.14,0.06,0.40,-0.91
-6.12,-3.19,20.24,-0.01,0.39,-0.92
-6.62,-6.62,14.70,-0.23,0.76,-0.61
-6.41,-8.89,13.67,-0.11,0.53,-0.84
-7.13,-8.78,11.24,-0.08,0.78,-0.62
-5.58,-11.02,7.54,0.04,0.79,-0.62
-0.73,-12.71,0.84,0.05,0.68,-0.73
3.77,-11.77,-10.14,0.27,0.96,-0.09
7.48,-4.05,-19.86,0.61,0.65,0.46
9.27,3.86,-25.61,0.62,0.44,0.65
10.41,10.33,-27.83,0.43,0.58,0.69
14.12,18.25,-27.34,0.69,0.29,0.66
14.88,24.69,-24.67,0.63,0.23,0.74
16.71,30.88,-22.33,0.70,0.10,0.71
18.03,34.84,-16.52,0.83,-0.16,0.54
18.54,38.17,-10.13,0.86,-0.48,0.15
18.59,39.26,-5.11,0.74,-0.65,0.15
20.01,37.16,1.31,0.94,0.09,-0.33
19.76,36.30,6.01,0.93,-0.00,-0.38
19.69,33.06,11.49,0.77,-0.48,-0.43
19.21,27.38,16.03,0.69,0.18,-0.70
17.07,22.61,20.29,0.61,0.05,-0.79
14.93,16.64,24.01,0.39,0.45,-0.80
11.82,16.20,24.95,0.15,0.30,-0.94
10.13,14.69,25.26,0.17,0.27,-0.95
9.45,13.67,25.40,0.26,0.63,-0.73
8.56,13.88,25.89,0.15,0.47,-0.87
8.59,14.11,25.66,0.26,0.45,-0.85
9.40,14.49,25.09,0.23,0.32,-0.92
9.53,14.11,24.98,0.31,0.62,-0.72
9.99,13.29,24.49,0.22,0.64,-0.74
9.96,13.71,25.01,0.31,0.58,-0.75
10.96,14.89,24.60,0.50,0.32,-0.80
9.30,16.53,26.32,0.36,0.46,-0.81
7.93,15.14,25.71,0.20,0.15,-0.97
7.98,11.27,25.52,0.38,0.73,-0.57
6.76,4.24,23.85,0.38,0.57,-0.73
5.33,-1.12,20.78,0.18,0.85,-0.49